item_category,original_price,product_age_months,item_condition,auction_duration_hours,seller_rating,semester_phase,day_of_week,starting_price,total_bids,unique_bidders,final_price
Sports & Fitness,4700,2,5,96,4.5,StartSem,5,2810,3,1,4560
Miscellaneous,4550,15,4,168,3.9,EndSem,0,1630,5,3,4410
Personal Care,3750,5,4,48,3.3,EndSem,0,1180,5,5,2990
Sports & Fitness,3850,0,5,72,3.5,Break,0,2370,6,1,3730
Books & Study,1800,23,3,48,4.5,MidSem,5,310,7,2,700
Sports & Fitness,6450,34,4,24,3.9,EndSem,4,2270,3,1,4900
Transport & Mobility,14900,11,3,48,4.9,EndSem,0,5840,6,1,12300
Electronics & Gadgets,22900,26,3,168,3.7,MidSem,4,6670,10,4,14820
Hostel Essentials,2600,3,1,48,3.9,StartSem,2,540,7,6,1140
Electronics & Gadgets,44900,18,3,24,4.3,MidSem,6,14460,9,4,23010
Clothing & Accessories,3500,11,4,72,4.3,Break,3,1040,6,1,2220
Kitchen & Food Items,2100,13,1,72,3.9,EndSem,2,330,5,2,650
Clothing & Accessories,2450,1,4,24,4.3,MidSem,2,1040,4,2,2040
Hostel Essentials,3000,15,5,24,3.3,Break,3,1290,3,1,2410
Electronics & Gadgets,80000,0,2,48,3.9,MidSem,4,30750,3,2,62240
Electronics & Gadgets,50650,10,5,48,4.5,MidSem,4,25910,10,2,40740
Clothing & Accessories,2600,26,2,72,4.7,StartSem,5,370,2,1,1010
Transport & Mobility,12250,2,3,72,4.0,EndSem,0,5680,9,4,11880
Sports & Fitness,6700,7,5,24,4.6,MidSem,1,3690,6,4,6500
Electronics & Gadgets,16200,34,4,24,4.3,EndSem,4,5070,6,2,12060
Personal Care,1200,19,4,48,4.7,StartSem,1,230,6,1,440
Kitchen & Food Items,3500,1,4,120,3.4,MidSem,5,1630,4,3,3400
Electronics & Gadgets,24100,4,5,48,4.7,MidSem,4,14790,8,7,23380
Electronics & Gadgets,70550,69,4,72,4.1,StartSem,6,14210,15,11,35270
Electronics & Gadgets,46300,23,3,96,4.2,EndSem,6,14000,15,11,32580
Books & Study,1400,29,2,24,4.9,MidSem,2,180,2,1,440
Clothing & Accessories,3300,36,3,72,4.2,EndSem,0,510,4,3,1090
Clothing & Accessories,2400,7,5,96,4.1,Break,5,970,6,2,2130
Sports & Fitness,3750,5,4,12,4.5,Break,3,1850,8,4,2610
Electronics & Gadgets,16300,43,5,24,3.6,Break,6,5270,5,1,8930
Miscellaneous,10000,27,2,48,4.4,MidSem,3,2060,3,1,4580
Hostel Essentials,3100,6,5,24,3.7,MidSem,0,1580,8,3,2790
Personal Care,3350,22,2,96,4.0,StartSem,1,390,7,4,760
Hostel Essentials,4600,1,2,72,4.2,MidSem,6,1460,7,5,2980
Hostel Essentials,2900,14,4,48,2.5,MidSem,3,1090,6,2,1970
Hostel Essentials,8000,0,3,120,4.0,EndSem,3,3330,4,1,7760
Electronics & Gadgets,50100,6,5,24,3.3,MidSem,1,29040,6,4,46330
Electronics & Gadgets,41400,8,2,48,4.4,EndSem,5,12730,7,3,29670
Sports & Fitness,8900,5,3,48,4.6,EndSem,4,3690,9,2,4270
Electronics & Gadgets,80000,6,4,96,3.8,MidSem,5,40050,4,4,77600
Electronics & Gadgets,48050,8,2,96,4.2,StartSem,4,14780,7,4,24760
Hostel Essentials,4050,11,3,72,3.4,EndSem,4,1350,4,2,2560
Hostel Essentials,6600,3,5,24,4.2,MidSem,6,3570,6,4,6400
Sports & Fitness,8600,15,1,48,4.3,MidSem,2,1720,3,1,2680
Electronics & Gadgets,40850,18,4,24,4.3,MidSem,2,15620,15,6,32270
Clothing & Accessories,4350,117,2,48,3.8,EndSem,2,350,6,5,350
Electronics & Gadgets,25950,20,5,48,4.7,Break,1,11200,4,2,22640
Electronics & Gadgets,41050,13,5,48,3.9,EndSem,4,19350,2,2,28220
Miscellaneous,2150,18,5,120,3.9,Break,2,870,5,3,1510
Electronics & Gadgets,34400,50,2,72,4.1,MidSem,2,5740,7,4,8790
Kitchen & Food Items,2400,35,1,96,3.7,MidSem,6,340,1,1,800
Hostel Essentials,6250,13,3,48,4.1,StartSem,2,2000,8,7,5100
Kitchen & Food Items,2650,21,5,96,4.1,MidSem,0,980,3,2,2060
Electronics & Gadgets,70800,7,5,72,3.9,EndSem,3,39840,2,2,68680
Kitchen & Food Items,2450,22,5,12,3.5,MidSem,5,890,6,3,1650
Kitchen & Food Items,3800,31,1,72,4.7,MidSem,2,530,6,1,810
Kitchen & Food Items,4200,2,5,120,4.5,EndSem,3,2210,6,2,4070
Sports & Fitness,5100,58,2,72,4.1,EndSem,5,1020,4,2,2350
Transport & Mobility,10200,13,3,72,3.3,Break,6,3880,9,6,7780
Electronics & Gadgets,80000,14,3,48,4.3,Break,4,27090,8,7,33810
Transport & Mobility,26150,20,3,48,4.8,MidSem,1,9360,9,5,22230
Clothing & Accessories,4600,8,5,48,2.3,MidSem,6,1780,4,2,2820
Miscellaneous,2550,1,5,48,4.3,MidSem,0,1380,9,3,2470
Miscellaneous,4400,0,4,24,3.1,MidSem,2,2090,6,1,4270
Electronics & Gadgets,27200,17,1,24,3.8,MidSem,6,4660,5,1,8480
Personal Care,3450,28,3,48,4.1,Break,0,460,8,5,780
Hostel Essentials,2350,19,4,48,4.5,MidSem,5,830,8,5,1630
Hostel Essentials,6100,11,2,48,4.8,MidSem,2,1570,4,1,3800
Clothing & Accessories,2650,8,5,24,4.4,EndSem,1,1030,4,2,1870
Electronics & Gadgets,46400,14,2,72,4.3,MidSem,2,12180,6,4,22880
Books & Study,1300,1,5,72,4.8,MidSem,5,610,4,2,1260
Transport & Mobility,19050,6,2,72,4.0,MidSem,5,6380,6,1,15400
Transport & Mobility,27800,82,2,48,4.3,Break,4,6950,3,3,7720
Transport & Mobility,15850,7,5,168,3.9,MidSem,3,9240,5,3,15370
Transport & Mobility,11250,1,2,48,4.4,MidSem,2,4120,8,5,5780
Electronics & Gadgets,32450,0,5,24,4.1,MidSem,0,22130,6,4,31480
Electronics & Gadgets,52150,9,5,48,4.1,MidSem,3,27560,6,2,46150
Electronics & Gadgets,29350,18,3,72,4.4,MidSem,5,9450,7,3,17320
Sports & Fitness,6500,4,3,24,4.6,MidSem,3,2740,6,1,5140
Miscellaneous,6300,26,5,24,3.8,MidSem,2,2330,5,4,4010
Electronics & Gadgets,59300,25,5,12,4.7,Break,2,24040,4,2,26350
Electronics & Gadgets,54550,7,5,24,4.2,EndSem,1,30690,5,2,52910
Electronics & Gadgets,46000,1,5,48,4.2,MidSem,2,30590,12,7,44620
Miscellaneous,4900,20,2,24,3.9,MidSem,2,1090,4,4,2370
Electronics & Gadgets,37750,25,5,48,4.6,MidSem,3,15310,10,4,31060
Sports & Fitness,13350,3,5,72,4.5,MidSem,6,7850,6,2,12950
Kitchen & Food Items,2200,0,5,72,4.2,EndSem,6,1210,6,3,2130
Clothing & Accessories,2300,18,1,72,4.0,MidSem,5,260,8,3,600
Electronics & Gadgets,45500,10,4,72,3.9,MidSem,0,20100,4,1,32760
Transport & Mobility,13950,23,5,48,4.5,StartSem,6,6690,9,3,11980
Books & Study,1200,5,1,120,4.4,MidSem,4,180,6,3,430
Electronics & Gadgets,80000,5,3,24,4.2,MidSem,3,34720,8,4,50210
Clothing & Accessories,4350,27,4,72,3.4,MidSem,6,930,6,3,1740
Electronics & Gadgets,52800,7,3,96,4.6,EndSem,2,21610,5,5,51220
Hostel Essentials,4150,11,3,96,4.4,Break,1,1380,5,4,2790
Books & Study,1300,8,2,72,4.7,MidSem,3,250,3,2,610
Kitchen & Food Items,3100,4,3,24,4.1,StartSem,2,1140,5,3,2120
Electronics & Gadgets,79500,7,4,24,4.1,MidSem,0,38630,9,5,67670
Electronics & Gadgets,50150,19,3,24,3.7,StartSem,5,15950,11,7,28260
Electronics & Gadgets,44350,10,3,48,3.9,EndSem,4,16500,8,2,39790
Electronics & Gadgets,80000,4,5,48,4.9,StartSem,0,49100,1,1,77600
Electronics & Gadgets,41650,6,3,48,3.5,EndSem,0,17560,2,2,36410
Sports & Fitness,14100,42,4,48,4.2,MidSem,0,4600,3,1,8370
Sports & Fitness,8300,7,5,48,4.1,Break,6,4580,5,2,8050
Kitchen & Food Items,5700,75,1,72,2.3,Break,5,800,11,5,810
Hostel Essentials,5750,7,4,72,3.0,EndSem,0,2480,2,1,4810
Sports & Fitness,6400,5,3,72,4.2,MidSem,4,2650,4,1,5320
Electronics & Gadgets,50100,10,5,96,4.6,Break,0,25630,6,2,46700
Transport & Mobility,19550,3,5,48,3.0,MidSem,6,12260,8,4,18960
Clothing & Accessories,5350,6,4,12,3.4,MidSem,1,1930,7,3,3970
Miscellaneous,5050,8,2,72,4.3,Break,0,1340,6,2,2020
Kitchen & Food Items,4850,11,3,72,3.5,MidSem,2,1500,6,1,2780
Books & Study,2300,29,3,24,4.0,EndSem,2,370,5,1,1110
Hostel Essentials,5900,2,3,72,4.4,EndSem,6,2360,7,4,5440
Hostel Essentials,5500,15,5,72,4.7,MidSem,6,2370,8,3,4740
Sports & Fitness,15000,6,2,24,4.7,Break,2,4740,4,2,9160
Electronics & Gadgets,39000,19,3,120,3.2,MidSem,1,12400,4,3,24400
Kitchen & Food Items,2050,3,4,48,3.1,MidSem,3,910,7,3,1990
Transport & Mobility,30000,0,5,48,4.6,StartSem,5,19800,5,2,29100
Sports & Fitness,8050,22,4,24,4.3,EndSem,6,3190,5,1,6600
Transport & Mobility,17450,16,1,96,4.0,StartSem,2,4360,6,2,7290
Clothing & Accessories,4450,13,3,24,3.7,StartSem,2,1040,7,3,2380
Electronics & Gadgets,35150,0,4,48,3.5,EndSem,5,20700,10,7,34100
Clothing & Accessories,4500,11,4,120,3.6,EndSem,5,1340,11,7,3610
Hostel Essentials,4250,23,3,12,3.4,MidSem,2,1210,5,1,1950
Hostel Essentials,2850,16,5,12,4.5,Break,4,1210,3,2,1580
Electronics & Gadgets,62000,3,2,24,3.9,MidSem,1,22050,8,6,38610
Clothing & Accessories,4500,7,5,96,4.0,MidSem,4,1810,4,2,4360
Sports & Fitness,13250,11,5,168,4.5,EndSem,6,6820,7,6,12850
Miscellaneous,3300,8,5,72,3.7,MidSem,2,1550,8,3,3200
Electronics & Gadgets,18900,3,5,72,3.6,EndSem,5,11920,7,5,18330
Kitchen & Food Items,4450,0,3,168,3.9,MidSem,0,1780,8,2,2560
Transport & Mobility,29350,27,3,24,4.4,MidSem,3,9880,5,2,17160
Books & Study,1650,5,4,72,4.2,MidSem,5,560,9,5,1240
Electronics & Gadgets,48350,13,5,48,4.5,MidSem,1,22790,4,2,38460
Hostel Essentials,5050,16,3,48,2.4,MidSem,2,1560,6,1,3350
Sports & Fitness,8750,0,4,24,4.4,EndSem,5,4660,4,3,8490
Hostel Essentials,3850,15,3,24,3.9,MidSem,6,1210,4,1,2380
Clothing & Accessories,3700,14,4,48,3.6,MidSem,2,1010,5,2,2660
Personal Care,3550,17,2,48,3.3,MidSem,3,460,4,3,1100
Electronics & Gadgets,33450,5,3,12,4.4,MidSem,3,14520,5,2,27920
Transport & Mobility,18650,28,2,48,4.6,Break,4,4820,8,4,7970
Sports & Fitness,12350,21,2,48,3.4,MidSem,1,3220,3,1,7000
Books & Study,3000,13,1,48,4.2,MidSem,4,300,5,3,440
Sports & Fitness,7750,36,4,48,4.1,MidSem,6,2680,9,5,5210
Electronics & Gadgets,48900,8,3,12,4.3,EndSem,3,19400,7,5,37650
Books & Study,2650,7,4,24,4.4,Break,0,820,5,3,1680
Clothing & Accessories,8000,21,5,24,4.0,MidSem,1,2230,4,2,4780
Sports & Fitness,11850,38,3,24,4.5,MidSem,0,3380,5,2,7120
Clothing & Accessories,2550,26,2,72,3.0,StartSem,5,360,7,5,990
Books & Study,1400,26,2,120,4.9,Break,2,180,5,3,470
Kitchen & Food Items,2400,15,4,72,3.7,MidSem,2,820,9,4,1460
Personal Care,3100,28,4,96,4.0,EndSem,5,490,11,3,1450
Electronics & Gadgets,26200,13,5,120,3.9,EndSem,1,12350,10,7,25410
Personal Care,1850,15,1,48,4.2,Break,5,170,4,3,410
Hostel Essentials,1800,67,3,24,4.8,Break,3,320,3,1,650
Electronics & Gadgets,24850,1,4,48,4.4,MidSem,5,14270,7,3,24100
Electronics & Gadgets,39650,2,4,72,2.0,MidSem,3,22190,7,3,38460
Clothing & Accessories,3500,4,4,48,3.7,StartSem,3,1350,9,5,1790
Miscellaneous,4550,0,5,48,4.4,MidSem,0,2500,3,2,4410
Transport & Mobility,21800,3,5,96,4.8,MidSem,1,13670,9,5,21150
Clothing & Accessories,4400,5,2,120,3.6,MidSem,0,1070,7,2,1870
Electronics & Gadgets,58150,0,3,48,3.6,Break,6,28840,7,3,52080
Clothing & Accessories,3450,12,4,48,3.5,Break,1,980,4,2,2230
Miscellaneous,4150,9,4,24,4.7,MidSem,2,1650,8,6,2940
Sports & Fitness,6650,20,1,72,4.1,EndSem,4,1330,9,2,1950
Personal Care,2500,8,5,12,4.1,MidSem,2,790,2,1,1700
Hostel Essentials,3050,5,2,96,3.9,EndSem,3,890,8,6,1690
Hostel Essentials,4400,2,3,48,3.8,MidSem,4,1760,5,3,3170
Clothing & Accessories,1500,56,2,72,4.5,Break,3,120,8,2,300
Transport & Mobility,29300,3,5,48,4.4,EndSem,6,18370,12,8,28420
Sports & Fitness,6900,7,2,24,3.5,MidSem,2,2140,5,3,4550
Sports & Fitness,8600,15,4,72,4.3,EndSem,4,3640,5,2,7280
Electronics & Gadgets,26100,0,4,72,4.4,Break,6,15370,3,1,25100
Kitchen & Food Items,2050,21,1,72,4.3,MidSem,5,290,6,3,460
Kitchen & Food Items,3650,42,5,48,4.5,MidSem,4,1030,8,3,2210
Electronics & Gadgets,52450,28,3,48,3.6,StartSem,6,14890,7,4,25950
Electronics & Gadgets,29600,78,4,168,3.5,MidSem,1,5320,4,3,8350
Electronics & Gadgets,16400,14,4,24,3.5,MidSem,2,6590,8,4,12760
Books & Study,2150,4,4,72,3.2,MidSem,1,760,8,1,1780
Clothing & Accessories,3450,26,3,24,4.2,EndSem,1,640,10,3,970
Transport & Mobility,21450,16,3,12,3.1,StartSem,6,7950,6,3,12270
Books & Study,850,0,4,96,3.6,MidSem,5,360,6,3,820
Electronics & Gadgets,39850,6,4,48,4.3,MidSem,3,19950,8,6,38650
Transport & Mobility,30000,30,5,24,3.9,MidSem,3,13520,5,2,21370
Sports & Fitness,15000,2,1,48,4.0,Break,4,3420,5,1,6670
Books & Study,550,43,4,24,3.9,StartSem,3,90,2,1,210
Personal Care,2450,68,5,72,5.0,MidSem,6,200,4,3,410
Sports & Fitness,9750,3,5,48,3.9,Break,1,5740,8,3,9460
Sports & Fitness,4050,6,3,120,4.6,StartSem,1,1650,9,2,3370
Miscellaneous,3750,9,3,48,3.6,StartSem,0,1250,3,2,2740
Electronics & Gadgets,40450,9,5,24,4.5,MidSem,1,21380,5,1,32660
Sports & Fitness,6500,3,4,24,2.9,EndSem,3,3300,8,3,6300
Hostel Essentials,8000,9,4,120,3.9,MidSem,4,3300,5,1,7760
Transport & Mobility,6200,3,5,120,4.2,StartSem,0,3890,6,1,6010
Clothing & Accessories,3250,52,2,48,4.2,EndSem,3,290,6,3,630
Miscellaneous,10000,2,4,48,4.6,MidSem,5,4580,4,2,9580
Hostel Essentials,5250,0,4,48,3.2,EndSem,0,2590,5,3,5090
Hostel Essentials,3150,45,4,48,4.6,MidSem,5,830,5,2,1470
Transport & Mobility,23450,2,5,72,4.8,EndSem,0,14960,7,4,22750
Electronics & Gadgets,23200,34,3,48,4.7,EndSem,5,6110,2,1,15280
Electronics & Gadgets,18350,38,5,48,3.8,EndSem,4,6320,9,6,14130
Transport & Mobility,30000,21,5,48,3.6,MidSem,0,14640,6,2,25010
Clothing & Accessories,8000,41,1,72,4.2,MidSem,2,640,4,2,1500
Clothing & Accessories,5750,46,3,96,3.8,StartSem,2,730,8,3,1990
Hostel Essentials,2950,19,1,24,3.0,StartSem,6,530,7,5,830
Hostel Essentials,4050,7,5,48,4.2,EndSem,2,2020,4,1,3930
Kitchen & Food Items,2000,9,5,72,4.2,MidSem,3,890,4,1,1380
Hostel Essentials,1850,27,2,72,4.6,StartSem,4,390,4,2,940
Electronics & Gadgets,39550,25,4,48,3.4,EndSem,1,13850,5,1,28220
Kitchen & Food Items,3550,31,4,120,4.5,EndSem,3,1000,7,6,2440
Transport & Mobility,10550,24,5,72,3.8,EndSem,2,5010,5,3,9960
Electronics & Gadgets,43150,33,1,72,4.0,MidSem,3,6040,5,4,12900
Transport & Mobility,13450,3,4,120,4.4,MidSem,5,7280,17,9,13050
Sports & Fitness,8000,13,1,48,3.8,MidSem,1,1600,2,1,3310
Books & Study,1300,15,5,48,4.4,Break,1,340,5,2,620
Transport & Mobility,10550,14,5,96,4.4,MidSem,3,5470,5,1,10230
Miscellaneous,3950,6,2,48,3.4,Break,2,1090,5,4,2350
Electronics & Gadgets,75950,9,3,48,3.8,MidSem,0,29200,9,6,52620
Electronics & Gadgets,58250,29,3,24,2.9,Break,2,16330,2,1,28640
Kitchen & Food Items,1500,10,2,48,4.5,EndSem,2,370,2,2,800
Transport & Mobility,26450,17,4,120,4.2,EndSem,1,11540,7,3,25660
Electronics & Gadgets,28500,6,4,12,4.8,MidSem,4,14270,4,1,22670
Transport & Mobility,6300,21,5,48,3.3,EndSem,4,3070,5,3,6110
Electronics & Gadgets,80000,1,4,24,3.6,MidSem,1,45940,10,5,77600
Kitchen & Food Items,1900,3,5,24,4.7,MidSem,1,980,2,2,1840
Miscellaneous,9450,1,4,120,3.5,MidSem,4,4410,6,3,7960
Clothing & Accessories,3500,3,3,120,4.7,Break,4,1180,2,2,2440
Electronics & Gadgets,74850,34,5,48,3.5,Break,4,27100,7,2,43640
Electronics & Gadgets,28150,4,5,120,3.7,StartSem,4,17280,8,3,27310
Electronics & Gadgets,37200,2,5,48,2.9,MidSem,5,24100,3,1,36080
Books & Study,3000,5,4,96,3.9,MidSem,5,1020,6,3,1780
Kitchen & Food Items,2350,57,2,48,4.4,EndSem,3,330,4,2,770
Sports & Fitness,6500,9,5,48,4.6,MidSem,5,3460,3,1,6300
Sports & Fitness,7200,12,4,48,4.5,Break,5,3140,5,3,6450
Miscellaneous,5350,1,5,48,4.5,StartSem,6,2890,10,5,5190
Hostel Essentials,6800,3,2,120,4.4,StartSem,1,2070,9,4,4640
Books & Study,1100,11,5,12,3.6,Break,6,310,5,2,570
Hostel Essentials,5250,11,3,96,4.5,StartSem,3,1740,4,3,3740
Books & Study,1400,11,3,48,4.2,Break,2,290,2,2,620
Kitchen & Food Items,2400,9,5,24,4.6,EndSem,6,1070,4,1,2040
Sports & Fitness,11800,5,3,48,4.8,EndSem,5,4890,5,1,9430
Transport & Mobility,26600,9,3,72,3.7,MidSem,4,10850,5,3,25160
Clothing & Accessories,4450,0,4,48,4.8,MidSem,5,1940,3,3,4320
Clothing & Accessories,5650,1,4,48,3.8,EndSem,5,2400,7,4,5480
Sports & Fitness,15000,36,5,48,4.4,MidSem,4,6000,5,1,12090
Clothing & Accessories,2800,16,1,120,4.3,MidSem,1,330,5,2,720
Miscellaneous,4350,7,3,72,4.1,MidSem,0,1520,9,1,2610
Personal Care,1850,17,4,24,2.1,MidSem,0,370,2,1,810
Hostel Essentials,4350,27,4,48,3.6,MidSem,4,1410,6,3,3250
Transport & Mobility,25850,17,4,120,4.3,Break,0,11280,4,2,20180
Books & Study,2300,2,4,24,3.7,StartSem,2,890,3,1,2230
Sports & Fitness,9950,3,2,24,4.0,EndSem,4,3300,2,1,5410
Sports & Fitness,6400,2,4,24,4.5,MidSem,4,3300,2,1,6210
Sports & Fitness,4600,8,5,24,3.2,EndSem,2,2490,9,4,4460
Kitchen & Food Items,2100,1,5,120,4.7,EndSem,4,1130,6,2,2040
Hostel Essentials,3850,18,5,24,4.3,MidSem,1,1600,5,2,3030
Miscellaneous,3950,1,5,24,4.4,MidSem,3,2130,4,3,3830
Clothing & Accessories,3500,7,2,96,4.3,MidSem,3,790,3,1,1770
Transport & Mobility,9100,51,1,96,4.5,EndSem,1,2280,9,6,3010
Transport & Mobility,11450,13,3,72,4.5,EndSem,1,4360,10,7,9430
Electronics & Gadgets,37100,48,3,72,4.5,MidSem,0,8190,5,1,13940
Electronics & Gadgets,34950,15,3,48,4.5,EndSem,4,11690,6,3,18160
Electronics & Gadgets,30950,4,5,96,4.5,MidSem,2,19000,6,3,30020
Electronics & Gadgets,40100,11,5,24,4.7,Break,1,19830,6,3,38900
Miscellaneous,5200,43,2,96,4.9,EndSem,1,900,7,3,2930
Clothing & Accessories,5150,4,5,24,4.2,MidSem,1,2300,4,1,5000
Electronics & Gadgets,42100,51,1,72,4.6,Break,1,5050,5,3,7120
Kitchen & Food Items,3200,48,3,48,4.7,Break,1,610,8,6,1260
Clothing & Accessories,4400,33,4,24,4.8,EndSem,5,850,4,1,2580
Books & Study,1400,0,3,24,3.6,Break,1,490,3,1,970
Electronics & Gadgets,18950,39,3,48,3.6,Break,0,4690,3,1,8060
Electronics & Gadgets,80000,1,4,120,4.2,EndSem,4,45940,4,1,77600
Books & Study,1250,11,3,24,3.1,MidSem,4,260,2,1,530
Kitchen & Food Items,1500,11,4,48,4.3,StartSem,6,550,2,1,1160
Electronics & Gadgets,27900,1,5,168,3.7,Break,2,18550,4,1,27060
Transport & Mobility,7500,7,5,72,3.6,MidSem,1,4370,4,1,7280
Sports & Fitness,2850,7,3,24,4.7,EndSem,4,1140,1,1,2580
Sports & Fitness,11550,12,3,72,3.8,EndSem,0,4240,10,2,10310
Kitchen & Food Items,3050,12,2,48,4.5,EndSem,0,710,8,8,1520
Clothing & Accessories,3250,2,4,48,4.3,MidSem,4,1340,5,2,3060
Electronics & Gadgets,38850,48,3,48,3.4,MidSem,0,8580,7,3,15450
Hostel Essentials,2250,0,4,120,4.0,MidSem,3,1110,7,4,2180
Hostel Essentials,5700,20,3,120,4.7,MidSem,2,1690,10,5,3570
Miscellaneous,8800,17,4,12,4.1,StartSem,6,3090,7,4,5010
Transport & Mobility,13150,14,3,120,3.7,MidSem,0,4960,6,3,11100
Electronics & Gadgets,65150,1,5,48,3.9,MidSem,0,43320,5,2,63200
Kitchen & Food Items,1900,16,1,72,3.8,EndSem,2,280,4,2,500
Electronics & Gadgets,75600,19,5,48,4.5,MidSem,4,33050,11,6,60560
Miscellaneous,5050,2,5,24,3.7,EndSem,2,2680,5,2,4900
Books & Study,1150,15,1,48,4.9,MidSem,5,110,4,2,260
Books & Study,950,49,4,48,4.7,MidSem,4,150,9,3,280
Sports & Fitness,13650,6,3,24,4.6,MidSem,0,5560,6,2,9340
Electronics & Gadgets,62950,12,1,48,4.0,EndSem,5,11470,7,3,27980
Transport & Mobility,30000,21,4,96,4.3,MidSem,6,12640,9,6,23620
Kitchen & Food Items,3400,6,5,24,4.0,StartSem,1,1640,6,2,3300
Electronics & Gadgets,32850,28,3,72,4.4,Break,2,9330,3,1,15810
Books & Study,2200,3,3,72,4.4,Break,1,690,3,1,1670
Electronics & Gadgets,36400,0,5,72,4.8,Break,5,24820,6,2,35310
Electronics & Gadgets,21750,13,1,12,4.3,MidSem,3,3920,4,2,6210
Clothing & Accessories,4850,14,5,168,4.0,StartSem,3,1540,8,4,3230
Personal Care,3150,26,2,48,3.5,MidSem,0,340,8,2,710
Electronics & Gadgets,35800,17,2,48,4.5,Break,3,9050,5,3,16850
Hostel Essentials,4200,40,1,24,4.8,EndSem,1,760,7,3,820
Kitchen & Food Items,2450,3,3,48,4.5,MidSem,5,920,3,2,1730
Electronics & Gadgets,42750,30,5,120,4.0,MidSem,4,16280,6,4,38460
Electronics & Gadgets,22950,0,5,72,4.6,StartSem,6,15650,9,5,22260
Books & Study,1150,31,3,48,4.1,MidSem,4,180,2,1,420
Kitchen & Food Items,3500,0,3,48,4.2,MidSem,4,1400,6,5,2440
Clothing & Accessories,2150,30,4,24,4.5,MidSem,0,440,4,2,850
Personal Care,3800,13,3,120,4.9,Break,6,690,5,2,1390
Electronics & Gadgets,80000,37,5,96,4.7,MidSem,6,27890,7,3,53780
Hostel Essentials,4150,17,2,48,3.7,MidSem,0,980,7,3,1860
Electronics & Gadgets,47900,5,4,72,3.9,Break,6,24690,7,2,39250
Hostel Essentials,1700,16,5,72,3.1,Break,3,720,7,3,1240
Hostel Essentials,4050,17,4,120,3.5,EndSem,4,1470,5,4,3500
Transport & Mobility,13300,46,4,48,3.6,Break,0,4500,4,1,8270
Transport & Mobility,27200,17,5,24,3.7,MidSem,0,13740,5,3,26380
Hostel Essentials,5350,34,4,72,4.6,StartSem,1,1600,7,3,3340
Kitchen & Food Items,2200,4,5,48,4.7,EndSem,0,1110,6,3,2130
Personal Care,1350,38,1,24,4.5,Break,3,80,4,2,100
Electronics & Gadgets,60500,22,1,72,4.4,EndSem,6,9730,8,5,21340
Clothing & Accessories,4450,0,3,24,4.6,StartSem,3,1640,11,3,3170
Electronics & Gadgets,80000,16,3,96,3.0,MidSem,5,26410,3,3,56930
Miscellaneous,4400,11,5,48,4.4,StartSem,0,1930,6,4,3180
Electronics & Gadgets,80000,78,2,120,4.7,MidSem,2,9600,8,3,18430
Kitchen & Food Items,1450,19,4,48,3.5,MidSem,4,470,5,2,970
Hostel Essentials,3100,24,2,48,3.2,StartSem,6,680,5,2,1430
Books & Study,1550,13,4,48,4.7,MidSem,1,350,6,3,600
Electronics & Gadgets,27750,12,4,72,3.5,Break,0,11440,2,1,19590
Clothing & Accessories,4600,6,3,48,4.8,MidSem,2,1400,5,3,3080
Personal Care,5000,13,2,96,3.9,StartSem,6,700,3,1,1020
Sports & Fitness,8900,10,4,72,4.4,EndSem,5,4020,8,3,8180
Electronics & Gadgets,52550,18,5,96,3.6,Break,1,23270,6,2,48730
Hostel Essentials,5000,12,3,24,4.8,MidSem,3,1620,8,6,3330
Hostel Essentials,4900,30,3,24,3.3,Break,5,1290,3,3,2110
Transport & Mobility,18550,12,5,72,4.3,MidSem,4,9790,5,4,17990
Kitchen & Food Items,5350,96,1,96,4.2,EndSem,1,750,6,3,770
Electronics & Gadgets,44850,9,5,72,4.0,EndSem,2,23710,3,3,43500
Hostel Essentials,2500,34,2,96,4.7,EndSem,6,490,3,2,1090
Kitchen & Food Items,2500,22,2,72,3.0,MidSem,4,510,4,1,860
Miscellaneous,3050,68,2,120,3.4,EndSem,3,460,5,2,900
Clothing & Accessories,8000,43,2,48,3.4,EndSem,3,830,1,1,2350
Electronics & Gadgets,30550,5,4,24,4.1,EndSem,3,15740,3,1,29630
Sports & Fitness,8000,11,5,12,4.3,StartSem,3,4110,5,2,6950
Electronics & Gadgets,75050,35,3,48,4.1,EndSem,4,19520,7,3,43050
Transport & Mobility,16200,11,4,12,4.3,MidSem,2,7540,6,2,14000
Sports & Fitness,8300,74,3,48,3.7,MidSem,0,1670,10,4,3230
Electronics & Gadgets,20500,8,5,96,4.7,MidSem,5,11180,4,4,18690
Personal Care,2100,2,4,24,3.5,MidSem,0,740,3,1,1540
Sports & Fitness,11900,66,3,72,4.0,Break,4,2590,4,1,4010
Electronics & Gadgets,80000,8,5,48,4.7,MidSem,3,43650,6,4,66260
Books & Study,700,17,3,48,3.7,MidSem,4,130,5,1,350
Kitchen & Food Items,1950,23,3,48,4.2,MidSem,6,510,5,4,1380
Books & Study,2250,24,2,120,4.7,Break,4,300,1,1,740
Personal Care,5000,6,4,12,4.6,MidSem,3,1500,8,3,2020
Books & Study,1400,21,4,48,4.1,MidSem,1,290,9,5,640
Sports & Fitness,13350,27,5,48,3.4,EndSem,6,5830,7,2,12950
Hostel Essentials,5250,19,4,24,4.2,MidSem,3,1870,3,2,3000
Electronics & Gadgets,69450,27,5,24,4.6,StartSem,1,27460,4,2,63170
Miscellaneous,10000,20,5,96,3.6,MidSem,4,3940,7,2,8120
Clothing & Accessories,5950,18,5,72,4.4,StartSem,2,1750,2,2,4230
Electronics & Gadgets,23250,43,1,24,3.7,MidSem,4,2870,6,4,5800
Books & Study,800,7,5,72,4.3,MidSem,1,290,4,3,540
Sports & Fitness,3650,3,3,72,3.6,StartSem,2,1560,4,1,3050
Transport & Mobility,22150,6,5,24,3.8,MidSem,4,13160,5,1,21490
Electronics & Gadgets,19450,5,5,24,2.8,StartSem,3,11610,6,2,18870
Transport & Mobility,17200,11,5,24,3.9,EndSem,2,9270,8,1,16680
Clothing & Accessories,7050,8,2,24,4.1,EndSem,1,1540,5,2,4050
Electronics & Gadgets,19600,0,5,72,4.4,Break,2,13370,4,1,19010
Electronics & Gadgets,70150,23,2,72,4.1,StartSem,5,16440,6,2,32200
Kitchen & Food Items,2500,10,5,72,4.7,EndSem,3,1090,4,1,2420
Transport & Mobility,16950,14,3,24,4.3,MidSem,5,6400,9,4,13170
Hostel Essentials,3600,18,3,48,3.8,EndSem,2,1090,7,4,2010
Books & Study,1600,19,3,48,4.4,MidSem,3,290,8,1,630
Books & Study,2550,7,4,72,3.7,MidSem,4,790,4,1,1600
Clothing & Accessories,3500,8,5,24,2.8,MidSem,5,1360,11,6,2470
Transport & Mobility,10450,15,1,24,3.9,EndSem,4,2610,4,1,4500
Electronics & Gadgets,58850,61,1,48,4.5,StartSem,1,7060,6,6,13620
Electronics & Gadgets,67550,8,4,24,4.2,MidSem,6,31830,7,4,56540
Kitchen & Food Items,3200,10,2,48,4.2,MidSem,3,790,6,2,1680
Clothing & Accessories,4950,8,1,72,3.5,StartSem,6,730,5,3,1560
Transport & Mobility,8100,23,2,24,2.3,EndSem,3,2190,3,2,4190
Sports & Fitness,7750,22,2,96,4.5,EndSem,0,2000,6,4,4670
Electronics & Gadgets,71300,0,4,24,3.7,StartSem,0,42000,9,6,66300
Personal Care,1200,16,3,120,4.6,Break,1,210,5,2,390
Transport & Mobility,15950,3,5,48,3.7,EndSem,4,10000,6,6,15470
Books & Study,950,6,4,72,3.0,MidSem,2,310,10,7,700
Sports & Fitness,9300,8,5,48,4.1,MidSem,0,5040,5,2,8830
Hostel Essentials,2450,1,5,24,4.5,Break,1,1380,6,4,2240
Electronics & Gadgets,61950,29,3,12,4.6,StartSem,5,17370,6,2,38920
Clothing & Accessories,5050,9,4,24,4.0,StartSem,3,1630,5,2,2950
Electronics & Gadgets,43500,5,5,72,4.8,StartSem,6,25960,8,4,42200
Hostel Essentials,5850,0,4,96,4.1,MidSem,4,2890,6,1,5670
Sports & Fitness,10300,24,2,72,4.2,MidSem,6,2610,3,2,4440
Transport & Mobility,9100,14,4,12,3.7,MidSem,6,4080,5,2,8000
Personal Care,1050,2,5,12,3.7,EndSem,5,430,8,3,1020
Clothing & Accessories,3550,14,3,24,4.3,EndSem,6,820,5,2,2050
Transport & Mobility,12200,3,3,168,4.6,MidSem,5,5560,6,5,9960
Hostel Essentials,6450,21,3,24,4.9,MidSem,0,1890,9,4,4010
Sports & Fitness,14450,13,3,24,4.6,EndSem,1,5260,7,4,12660
Electronics & Gadgets,23550,32,3,48,3.9,Break,4,6360,2,1,7870
Hostel Essentials,7550,19,3,168,4.7,MidSem,5,2260,8,4,4220
Electronics & Gadgets,32700,11,4,24,4.3,MidSem,6,13960,10,2,28170
Electronics & Gadgets,34950,1,4,96,3.7,MidSem,1,20070,5,3,33900
Books & Study,1600,12,4,48,4.3,Break,1,370,11,6,760
Books & Study,2000,12,3,12,4.6,EndSem,1,390,5,2,1090
Sports & Fitness,8650,23,4,120,4.5,StartSem,6,3390,6,1,8070
Electronics & Gadgets,33800,3,4,48,4.5,Break,3,18420,4,1,27530
Miscellaneous,7050,46,3,72,3.7,MidSem,4,1530,4,1,3190
Books & Study,1950,7,5,96,3.2,StartSem,0,700,3,3,1720
Electronics & Gadgets,80000,6,3,72,3.7,MidSem,4,33730,10,6,64450
Transport & Mobility,20450,24,3,120,3.6,StartSem,5,7070,6,3,13330
Kitchen & Food Items,4300,27,4,24,3.7,Break,0,1270,2,1,2970
Books & Study,1050,1,5,72,4.0,StartSem,2,490,9,6,1020
Miscellaneous,4400,37,4,48,4.7,MidSem,3,1250,10,6,2640
Transport & Mobility,14300,1,3,96,4.1,Break,5,6750,5,1,13870
Kitchen & Food Items,6000,16,1,24,3.7,Break,2,900,3,1,1920
Transport & Mobility,17800,2,4,48,4.6,MidSem,3,9810,3,2,17270
Transport & Mobility,30000,41,3,48,4.4,Break,1,8930,7,4,14650
Miscellaneous,5200,13,5,24,4.3,MidSem,4,2210,9,2,4770
Sports & Fitness,10650,3,2,96,4.4,EndSem,3,3530,4,3,8630
Hostel Essentials,3950,3,4,48,3.8,MidSem,1,1840,4,3,3630
Miscellaneous,4200,27,5,24,4.5,MidSem,6,1540,7,4,2810
Kitchen & Food Items,1600,16,2,12,3.8,MidSem,1,350,3,1,540
Books & Study,900,43,4,72,3.0,Break,0,150,6,5,300
Electronics & Gadgets,38950,6,3,72,4.4,EndSem,4,16420,6,2,30880
Books & Study,1100,39,5,24,4.3,StartSem,6,220,11,6,580
Electronics & Gadgets,29550,7,3,48,3.6,MidSem,2,12090,10,8,23240
Hostel Essentials,3650,28,1,48,3.4,MidSem,1,660,6,5,1020
Sports & Fitness,3350,13,4,72,4.9,MidSem,2,1450,6,2,2270
Sports & Fitness,3100,29,4,48,3.7,MidSem,4,1150,7,5,2670
Hostel Essentials,4550,25,5,48,4.4,MidSem,1,1750,6,1,3320
Transport & Mobility,9600,18,2,48,4.5,MidSem,3,2710,4,2,5480
Books & Study,2750,7,3,24,4.4,StartSem,4,710,9,5,1250
Electronics & Gadgets,34600,4,4,12,3.9,MidSem,3,18340,3,2,33560
Transport & Mobility,11600,17,5,24,4.5,MidSem,1,5860,8,5,11250
Miscellaneous,2700,2,5,96,4.7,Break,3,1430,9,2,2620
Electronics & Gadgets,63800,8,4,48,3.8,StartSem,2,30060,6,2,60120
Transport & Mobility,7000,44,5,72,4.2,MidSem,5,2790,11,5,6150
Electronics & Gadgets,55850,2,3,48,4.4,Break,4,26320,7,3,47800
Electronics & Gadgets,64700,5,5,48,4.2,EndSem,3,38610,13,6,62760
Transport & Mobility,14550,21,3,24,4.6,Break,0,5160,8,5,7310
Electronics & Gadgets,37250,27,4,48,4.5,Break,1,12720,6,5,17380
Books & Study,1300,14,4,12,2.7,Break,1,290,8,3,480
Hostel Essentials,5100,1,2,24,4.8,StartSem,2,1610,8,3,3350
Clothing & Accessories,3850,19,4,24,4.0,Break,1,960,7,3,1420
Clothing & Accessories,6450,20,4,72,4.4,Break,5,1580,4,2,3370
Hostel Essentials,5100,6,4,72,2.8,EndSem,0,2240,3,1,4950
Kitchen & Food Items,2150,10,2,72,4.8,EndSem,5,530,4,2,1370
Personal Care,4000,35,2,96,3.8,MidSem,3,360,7,5,630
Hostel Essentials,3400,9,4,24,3.6,MidSem,1,1400,4,3,1860
Sports & Fitness,4350,3,5,48,3.9,Break,2,2560,3,1,4160
Electronics & Gadgets,30200,15,1,48,4.6,MidSem,4,5300,8,3,10860
Sports & Fitness,5300,14,3,48,4.8,StartSem,6,1910,5,4,3060
Sports & Fitness,6850,43,5,48,4.4,MidSem,0,2560,7,2,5260
Hostel Essentials,4550,0,4,72,4.6,MidSem,5,2250,6,1,4410
Kitchen & Food Items,2200,38,2,24,4.2,StartSem,3,370,6,2,800
Books & Study,1400,58,4,96,4.9,MidSem,5,200,7,4,440
Hostel Essentials,5200,41,3,48,4.3,MidSem,2,1210,6,3,2870
Transport & Mobility,27600,26,5,168,3.6,MidSem,1,12890,11,4,26770
Books & Study,1600,11,3,48,3.8,EndSem,1,330,3,1,930
Transport & Mobility,13400,3,4,48,4.7,MidSem,1,7260,7,3,13000
Hostel Essentials,3050,9,5,72,4.1,MidSem,2,1460,4,1,2960
Transport & Mobility,17050,2,4,24,4.9,MidSem,2,9390,7,5,15040
Hostel Essentials,1750,7,5,72,3.5,EndSem,1,870,5,1,1700
Sports & Fitness,14200,14,2,24,4.5,MidSem,5,3970,8,2,9610
Clothing & Accessories,4350,33,3,48,3.6,EndSem,4,700,7,4,1960
Electronics & Gadgets,46100,5,5,72,2.9,MidSem,2,27510,6,4,44720
Electronics & Gadgets,80000,0,3,96,4.4,Break,5,39680,5,4,69720
Clothing & Accessories,3100,10,5,48,4.4,MidSem,1,1110,6,2,2680
Clothing & Accessories,3450,32,2,96,4.4,MidSem,3,440,2,1,800
Sports & Fitness,6250,5,3,24,4.7,StartSem,1,2590,7,6,5410
Personal Care,2450,30,1,72,3.7,MidSem,1,160,6,4,450
Books & Study,1000,1,5,72,4.7,MidSem,0,470,3,1,970
Miscellaneous,10000,3,2,72,3.9,EndSem,1,2930,6,3,6540
Transport & Mobility,12250,47,2,48,4.0,StartSem,1,3060,5,2,5590
Books & Study,1100,2,4,48,4.0,MidSem,5,430,5,3,940
Books & Study,1550,0,4,72,4.6,MidSem,1,650,4,1,1500
Sports & Fitness,7650,10,5,48,4.6,StartSem,2,4010,6,3,7270
Transport & Mobility,28550,29,5,120,4.7,MidSem,1,12980,6,4,22460
Electronics & Gadgets,29400,27,3,48,4.2,EndSem,6,8450,11,7,14870
Hostel Essentials,2950,7,4,72,4.9,Break,5,1270,1,1,2520
Books & Study,1850,11,4,24,3.7,StartSem,2,450,6,2,960
Transport & Mobility,27000,3,3,96,4.9,EndSem,6,12310,8,7,26190
Clothing & Accessories,1700,3,2,96,4.6,MidSem,1,440,2,2,1030
Transport & Mobility,14100,14,4,120,4.5,EndSem,4,6320,5,3,12000
Books & Study,2550,4,5,96,3.5,Break,1,1050,6,4,2470
Electronics & Gadgets,31250,40,5,96,3.7,MidSem,4,10490,8,1,19620
Personal Care,3850,19,5,48,3.8,EndSem,6,850,4,4,2130
Personal Care,2250,0,4,24,3.5,MidSem,0,860,6,6,2130
Sports & Fitness,10400,8,5,12,4.6,StartSem,3,5640,2,1,8470
Clothing & Accessories,3350,4,5,48,4.3,EndSem,2,1500,8,3,3250
Clothing & Accessories,3950,10,5,72,3.8,MidSem,5,1420,7,2,3070
Kitchen & Food Items,4250,47,5,120,4.3,MidSem,0,1130,6,4,2480
Personal Care,3550,0,4,48,4.0,MidSem,6,1350,2,1,3050
Personal Care,2600,6,4,24,4.7,StartSem,3,780,9,4,2440
Clothing & Accessories,6200,14,5,24,4.0,StartSem,1,1960,5,4,3880
Personal Care,2050,0,5,48,4.6,MidSem,3,900,6,4,1460
Electronics & Gadgets,80000,33,3,24,4.5,EndSem,4,21330,10,5,43440
Kitchen & Food Items,1300,4,4,24,3.9,MidSem,3,570,4,2,1130
Books & Study,1750,4,5,72,4.8,MidSem,4,720,3,1,1700
Sports & Fitness,8550,1,5,24,3.5,EndSem,6,5190,5,1,8290
Books & Study,2350,2,3,24,4.1,StartSem,3,770,5,2,1470
Miscellaneous,5700,7,5,24,4.3,Break,6,2730,1,1,5400
Electronics & Gadgets,43800,4,5,24,4.0,StartSem,5,26880,6,2,42490
Electronics & Gadgets,39150,2,4,72,3.8,StartSem,4,21910,10,4,37980
Kitchen & Food Items,2400,18,3,72,3.8,MidSem,5,670,7,3,1250
Hostel Essentials,5900,35,2,48,4.3,Break,4,1140,6,3,1730
Sports & Fitness,4700,13,5,48,4.1,MidSem,5,2350,5,2,4560
Books & Study,2350,14,4,48,4.2,MidSem,4,530,7,5,1000
Books & Study,2500,7,5,120,3.0,Break,6,890,5,3,1990
Electronics & Gadgets,43800,22,5,96,4.2,Break,1,18440,5,2,29180
Electronics & Gadgets,45300,19,2,48,4.9,MidSem,6,11160,1,1,22800
Electronics & Gadgets,66100,3,2,72,4.2,Break,1,23500,9,5,50160
Books & Study,1350,36,4,48,4.5,StartSem,6,240,6,2,700
Kitchen & Food Items,3500,25,4,24,4.6,StartSem,0,1060,2,1,1640
Books & Study,600,8,2,120,4.3,MidSem,5,110,8,5,310
Sports & Fitness,10350,22,4,24,3.5,MidSem,3,4100,6,5,7300
Personal Care,3950,12,5,24,3.7,EndSem,0,1010,4,3,2360
Miscellaneous,3400,12,4,168,4.3,MidSem,6,1260,4,1,2620
Electronics & Gadgets,31300,11,3,24,4.0,Break,4,11260,3,1,20260
Sports & Fitness,5500,19,3,72,3.3,StartSem,2,1890,5,4,4630
Kitchen & Food Items,2600,32,3,48,4.0,MidSem,6,610,7,4,1190
Kitchen & Food Items,1950,17,3,48,4.6,Break,0,550,5,2,960
Electronics & Gadgets,25300,4,4,48,4.6,MidSem,3,13410,10,3,24500
Electronics & Gadgets,46650,15,4,48,3.1,Break,0,18520,3,2,32820
Books & Study,3000,44,2,24,3.9,StartSem,3,320,4,2,680
Transport & Mobility,29200,13,4,72,3.4,Break,3,13200,6,3,24520
Sports & Fitness,11800,31,2,96,3.7,MidSem,6,2790,3,3,6110
Electronics & Gadgets,48750,10,5,72,3.9,EndSem,3,24940,6,4,47290
Transport & Mobility,17250,2,5,72,4.1,MidSem,6,11010,5,3,16730
Sports & Fitness,11350,15,5,96,4.4,EndSem,6,5570,5,3,11010
Miscellaneous,5300,0,1,12,3.7,MidSem,6,1110,4,1,2530
Personal Care,4000,27,5,96,4.3,Break,5,750,5,2,2190
Books & Study,650,12,2,48,4.5,MidSem,4,100,4,1,260
Clothing & Accessories,3800,11,2,72,3.0,EndSem,5,740,9,5,2360
Hostel Essentials,6500,0,3,48,4.0,StartSem,2,2700,6,5,5610
Transport & Mobility,11450,2,5,24,4.7,MidSem,1,7310,8,3,11110
Miscellaneous,5050,6,2,24,4.8,EndSem,2,1390,4,1,2830
Sports & Fitness,10150,2,1,72,3.9,EndSem,5,2320,3,1,4150
Clothing & Accessories,5800,12,5,48,4.3,MidSem,5,1910,9,3,4190
Personal Care,2000,16,2,24,4.4,EndSem,4,260,6,5,430
Electronics & Gadgets,65150,1,5,48,3.4,MidSem,5,43320,5,1,63200
Personal Care,1950,1,4,24,3.7,EndSem,6,720,8,6,1890
Books & Study,2100,7,5,48,3.8,Break,3,750,9,5,1540
Clothing & Accessories,4350,35,4,168,4.5,StartSem,5,810,8,4,1800
Sports & Fitness,7550,55,4,48,4.0,Break,4,2170,2,1,4180
Clothing & Accessories,3600,18,5,168,4.7,EndSem,1,1060,8,5,3010
Transport & Mobility,12850,15,5,96,3.8,MidSem,4,6610,8,7,12170
Hostel Essentials,3600,27,2,72,4.5,MidSem,0,760,5,1,1660
Electronics & Gadgets,47800,18,5,24,4.2,EndSem,2,21160,11,7,33390
Electronics & Gadgets,36650,6,4,48,4.7,MidSem,4,18350,6,1,30740
Kitchen & Food Items,2200,4,4,48,3.8,MidSem,5,960,7,3,1780
Sports & Fitness,7500,25,4,48,4.3,MidSem,1,2880,4,2,5590
Hostel Essentials,5450,26,5,24,4.3,Break,4,2070,5,1,3670
Kitchen & Food Items,4550,6,4,96,4.6,StartSem,2,1890,3,2,3510
Electronics & Gadgets,55050,3,5,24,3.6,MidSem,0,34730,6,2,53400
Sports & Fitness,12650,17,2,24,4.2,MidSem,2,3430,3,2,5680
Electronics & Gadgets,67300,37,5,72,3.0,MidSem,6,23470,5,1,48410
Hostel Essentials,1450,27,4,72,4.5,MidSem,5,470,7,5,900
Transport & Mobility,21500,5,5,24,3.9,MidSem,1,13010,6,3,20860
Transport & Mobility,7100,4,3,12,4.4,MidSem,2,3180,5,3,6040
Transport & Mobility,11050,23,2,24,4.6,MidSem,3,2990,7,5,6410
Transport & Mobility,13900,5,3,24,3.5,EndSem,3,6120,3,1,13060
Electronics & Gadgets,61300,0,4,24,4.3,Break,1,36110,8,1,59460
Electronics & Gadgets,42650,23,4,48,4.2,EndSem,0,15310,6,2,28980
Electronics & Gadgets,23850,15,3,48,4.6,MidSem,2,7970,6,4,16030
Electronics & Gadgets,40600,18,3,48,3.9,MidSem,6,13070,7,6,25520
Kitchen & Food Items,2250,10,4,24,4.0,EndSem,4,850,6,3,1750
Books & Study,1050,46,5,72,4.8,Break,4,190,5,2,430
Hostel Essentials,3400,33,3,48,3.4,StartSem,5,860,7,6,2120
Hostel Essentials,8000,38,3,48,4.0,Break,0,1920,4,1,3530
Miscellaneous,3500,10,2,96,4.3,Break,3,890,8,4,1920
Hostel Essentials,4450,16,3,120,4.8,EndSem,3,1380,6,5,3990
Transport & Mobility,11100,5,4,24,4.4,MidSem,3,5800,5,1,9480
Electronics & Gadgets,27550,14,4,168,3.6,MidSem,3,11080,6,2,25510
Sports & Fitness,5400,1,5,120,4.4,Break,1,3280,10,6,5240
Transport & Mobility,10500,13,2,72,4.6,StartSem,1,3100,2,1,6880
Electronics & Gadgets,50300,9,3,96,4.4,MidSem,6,19340,5,2,40970
Sports & Fitness,5300,4,4,48,4.3,StartSem,6,2650,12,5,5050
Hostel Essentials,2650,0,5,120,4.8,EndSem,3,1520,4,3,2570
Sports & Fitness,9850,7,4,96,4.6,MidSem,3,4690,5,3,9380
Electronics & Gadgets,80000,3,4,24,4.7,EndSem,2,43590,6,1,77600
Electronics & Gadgets,21400,6,5,24,4.2,MidSem,6,12410,8,3,20760
Clothing & Accessories,2200,12,1,24,4.6,MidSem,5,280,7,3,590
Electronics & Gadgets,80000,27,3,120,4.4,MidSem,0,23000,7,3,48250
Kitchen & Food Items,4000,4,5,96,3.3,MidSem,0,2020,6,3,3710
Electronics & Gadgets,42650,6,1,48,4.4,StartSem,5,9440,4,2,18590
Electronics & Gadgets,80000,6,4,72,4.2,MidSem,4,40050,7,2,77600
Clothing & Accessories,3750,29,4,48,4.0,StartSem,3,780,7,5,1870
Hostel Essentials,4450,18,4,48,4.6,StartSem,1,1600,7,2,3480
Sports & Fitness,3450,3,5,72,4.7,MidSem,1,2030,6,2,3350
Kitchen & Food Items,2200,13,2,120,4.6,MidSem,5,510,11,5,1170
Sports & Fitness,10850,18,4,48,3.5,Break,1,4470,3,1,8060
Miscellaneous,5950,43,4,96,4.2,MidSem,6,1580,6,3,3760
Sports & Fitness,5250,7,5,72,4.4,MidSem,6,2890,6,3,5090
Transport & Mobility,22550,13,4,96,4.8,StartSem,6,10190,5,5,21870
Miscellaneous,5650,1,5,24,4.1,MidSem,0,3050,5,2,5480
Electronics & Gadgets,78050,6,4,48,3.8,MidSem,1,39080,7,5,75710
Miscellaneous,3200,55,1,24,4.8,EndSem,5,480,5,2,580
Transport & Mobility,29450,3,3,48,4.4,EndSem,4,13430,10,7,28570
Clothing & Accessories,6600,1,1,48,4.6,Break,1,1240,3,1,2900
Personal Care,2450,8,4,24,4.5,EndSem,6,670,10,4,1270
Electronics & Gadgets,65050,24,3,72,4.4,EndSem,6,19420,14,8,49610
Sports & Fitness,15000,57,3,48,4.2,MidSem,2,3560,7,1,5630
Clothing & Accessories,8000,0,4,48,4.7,MidSem,0,3500,4,2,4010
Personal Care,4100,11,4,24,4.5,MidSem,4,960,4,2,2650
Kitchen & Food Items,1850,11,4,24,4.5,MidSem,5,680,5,4,1420
Clothing & Accessories,3000,6,1,72,4.6,EndSem,6,480,5,1,1080
Transport & Mobility,15750,0,3,48,4.5,StartSem,4,7560,6,4,15280
Books & Study,1700,18,5,24,3.8,Break,3,420,6,2,860
Hostel Essentials,5100,9,4,96,4.2,Break,5,2100,4,3,4340
Personal Care,5000,17,4,24,4.7,Break,6,990,4,2,2400
Electronics & Gadgets,46400,1,5,96,4.2,StartSem,6,30850,6,6,45010
Transport & Mobility,21900,17,4,24,4.7,MidSem,2,9560,4,3,18410
Electronics & Gadgets,67900,29,4,120,4.0,Break,6,22610,6,1,53560
Electronics & Gadgets,55600,3,5,24,4.7,Break,6,35080,3,1,53930
Electronics & Gadgets,18850,35,5,168,4.2,MidSem,1,6740,10,7,12180
Electronics & Gadgets,48650,1,2,72,4.0,MidSem,1,18230,7,4,24020
Personal Care,2000,14,4,12,4.7,MidSem,2,420,3,2,740
Transport & Mobility,16350,3,5,120,3.7,EndSem,6,10250,8,6,15860
Miscellaneous,5850,5,5,24,3.4,EndSem,0,2920,5,2,4930
Electronics & Gadgets,15900,12,2,72,2.8,StartSem,4,4280,4,2,9690
Kitchen & Food Items,6000,36,4,24,3.4,Break,6,1580,6,2,2150
Electronics & Gadgets,80000,5,5,48,4.7,MidSem,2,47740,6,5,67850
Transport & Mobility,9700,5,4,48,4.4,EndSem,0,5070,8,7,9410
Sports & Fitness,4450,19,4,48,2.8,MidSem,1,1810,6,4,4170
Electronics & Gadgets,46100,6,2,96,3.4,MidSem,2,15060,4,1,33480
Electronics & Gadgets,65200,43,1,48,4.4,StartSem,5,8050,8,5,16040
Clothing & Accessories,2250,12,5,24,4.8,MidSem,4,740,4,1,1380
Electronics & Gadgets,33500,10,3,168,2.6,MidSem,1,12460,8,4,32470
Sports & Fitness,6700,1,4,72,4.1,MidSem,3,3510,5,1,6500
Personal Care,2500,1,2,48,3.1,EndSem,6,600,8,2,2390
Electronics & Gadgets,52300,4,5,24,4.4,MidSem,0,32100,4,1,50730
Books & Study,1350,20,5,24,3.6,MidSem,5,330,11,5,810
Books & Study,3000,8,2,72,4.1,Break,2,570,11,4,1350
Personal Care,3100,14,5,24,4.1,MidSem,5,760,2,1,1940
Clothing & Accessories,5400,65,3,72,4.5,StartSem,2,480,10,5,1170
Clothing & Accessories,3400,1,5,72,3.9,EndSem,2,1670,7,3,3300
Miscellaneous,5400,27,1,24,4.7,Break,3,810,7,2,1120
Kitchen & Food Items,2500,80,4,96,4.6,MidSem,1,380,5,3,730
Electronics & Gadgets,20750,18,1,72,4.7,EndSem,6,3510,6,1,9210
Electronics & Gadgets,24700,10,4,120,4.2,StartSem,4,10910,9,5,23960
Transport & Mobility,17750,5,4,96,3.4,EndSem,2,9270,6,3,17220
Books & Study,1500,28,3,24,3.8,EndSem,3,240,3,2,600
Electronics & Gadgets,37300,16,1,96,3.6,Break,2,6470,7,6,11240
Books & Study,1850,15,4,72,4.1,MidSem,4,410,4,1,1060
Sports & Fitness,6450,28,5,72,3.9,StartSem,3,2790,8,2,5010
Clothing & Accessories,4500,3,4,48,3.9,MidSem,3,1790,5,3,3830
Personal Care,2250,33,4,72,3.6,MidSem,2,320,3,1,790
Books & Study,1450,28,5,72,4.6,MidSem,1,330,6,4,660
Books & Study,1600,24,3,72,4.6,MidSem,4,270,8,2,630
Electronics & Gadgets,51050,0,5,96,4.3,Break,1,34820,9,8,49520
Electronics & Gadgets,52600,11,5,72,3.7,MidSem,6,26010,11,2,51020
Personal Care,700,9,4,72,3.5,EndSem,6,180,4,2,470
Clothing & Accessories,4550,1,5,24,3.8,MidSem,0,2240,7,3,4090
Books & Study,800,3,5,24,4.2,MidSem,4,340,6,3,640
Kitchen & Food Items,2300,3,4,48,4.5,MidSem,5,1020,3,3,2090
Personal Care,1650,18,5,96,4.8,Break,3,370,5,2,780
Hostel Essentials,5600,40,3,24,4.2,StartSem,0,1310,4,1,2500
Books & Study,1550,7,3,48,4.2,MidSem,4,400,12,5,810
Sports & Fitness,5400,8,5,48,2.9,EndSem,5,2930,7,4,5000
Miscellaneous,10000,10,5,24,4.5,MidSem,6,4490,8,4,8480
Hostel Essentials,1700,93,2,24,3.3,EndSem,3,310,8,2,320
Clothing & Accessories,2850,5,3,24,4.0,MidSem,1,900,6,2,2290
Electronics & Gadgets,23100,16,3,48,4.7,Break,2,7630,3,1,12220
Electronics & Gadgets,42600,7,4,24,4.0,MidSem,6,20700,5,2,37010
Electronics & Gadgets,43050,4,5,72,4.7,MidSem,5,26420,8,5,41760
Hostel Essentials,8000,2,4,48,4.0,StartSem,4,3810,4,1,7760
Clothing & Accessories,6450,10,2,48,4.0,StartSem,2,1300,2,1,2820
Electronics & Gadgets,45950,7,5,72,2.9,MidSem,0,25850,4,3,38300
Electronics & Gadgets,54750,13,3,24,4.5,MidSem,2,18770,3,1,35330
Clothing & Accessories,1800,8,4,24,4.3,StartSem,4,600,1,1,1390
Sports & Fitness,8500,4,5,72,3.8,Break,1,4920,5,2,8240
Electronics & Gadgets,80000,2,5,96,4.3,MidSem,1,51830,6,3,77600
Hostel Essentials,3450,6,4,120,3.0,EndSem,4,1520,4,3,3350
Electronics & Gadgets,71550,14,4,72,4.9,MidSem,1,28770,7,3,63840
Sports & Fitness,3900,35,2,24,4.0,Break,3,890,6,4,1400
Electronics & Gadgets,22850,29,5,24,3.6,EndSem,6,8810,7,4,18050
Sports & Fitness,6550,7,5,48,4.1,MidSem,1,3610,6,4,6350
Kitchen & Food Items,4350,9,5,48,4.7,EndSem,0,1940,10,7,3440
Hostel Essentials,1800,5,5,48,3.4,MidSem,5,940,6,3,1750
Sports & Fitness,5150,10,4,48,3.5,MidSem,3,2330,3,1,4560
Transport & Mobility,12350,12,1,96,4.6,Break,6,3090,6,4,4530
Kitchen & Food Items,1250,0,4,48,4.5,Break,1,590,3,2,1150
Books & Study,2200,12,1,24,3.5,MidSem,1,220,8,4,440
Electronics & Gadgets,26350,14,2,48,3.4,Break,0,6910,6,1,13930
Personal Care,1400,24,5,48,3.3,EndSem,4,280,6,2,750
Books & Study,3000,10,5,24,4.4,Break,6,910,6,2,1730
Personal Care,3400,9,3,120,4.6,StartSem,0,750,2,1,1500
Electronics & Gadgets,33850,17,3,72,3.8,Break,2,11040,9,5,17900
Kitchen & Food Items,1900,5,4,72,4.5,MidSem,3,810,5,3,1450
Clothing & Accessories,7300,2,4,96,4.7,MidSem,2,3000,4,1,7080
Sports & Fitness,9600,65,3,48,4.2,MidSem,3,2110,8,4,3470
Electronics & Gadgets,42550,14,5,168,4.8,MidSem,5,19810,7,2,41270
Sports & Fitness,5050,0,5,48,4.1,EndSem,0,3110,7,2,4900
Transport & Mobility,30000,22,3,24,4.0,MidSem,1,10550,7,6,15920
Electronics & Gadgets,29600,0,4,96,4.7,MidSem,3,17430,7,6,28710
Books & Study,1450,38,4,24,4.8,EndSem,1,250,7,3,560
Electronics & Gadgets,21700,7,2,24,4.6,MidSem,1,6880,8,5,13960
Kitchen & Food Items,1450,26,3,72,4.3,StartSem,6,360,9,6,860
Electronics & Gadgets,76300,17,5,96,4.5,EndSem,2,34210,4,3,73800
Electronics & Gadgets,55200,38,1,48,4.4,MidSem,0,7260,5,3,15460
Transport & Mobility,18200,13,3,48,4.0,MidSem,0,6930,4,1,15140
Electronics & Gadgets,21600,6,4,48,4.4,MidSem,4,10810,4,2,19790
Sports & Fitness,7600,0,5,24,4.5,MidSem,1,4680,2,1,7370
Electronics & Gadgets,30550,2,5,24,3.1,MidSem,3,19790,8,3,29630
Electronics & Gadgets,80000,17,2,96,3.7,MidSem,6,20220,11,5,36350
Electronics & Gadgets,61050,14,3,48,4.7,MidSem,4,20670,9,4,36940
Electronics & Gadgets,37300,22,3,48,4.9,Break,6,11420,6,1,25140
Personal Care,2150,29,1,48,4.2,MidSem,2,150,5,3,350
Electronics & Gadgets,55550,13,2,72,4.0,MidSem,3,14760,4,2,22220
Hostel Essentials,5150,8,2,72,3.6,MidSem,3,1420,7,4,3500
Hostel Essentials,3700,38,3,72,4.4,MidSem,0,890,3,1,1530
Books & Study,1000,34,1,48,4.2,StartSem,5,80,7,3,150
Hostel Essentials,2600,3,3,48,4.3,EndSem,5,1020,6,3,2200
Personal Care,5000,0,4,72,4.6,Break,1,1900,5,2,4730
Electronics & Gadgets,26950,11,1,72,4.7,StartSem,5,5090,3,2,11400
Books & Study,2400,12,5,120,3.9,StartSem,4,640,7,4,1960
Books & Study,2550,6,4,72,4.7,MidSem,2,830,7,4,2370
Books & Study,1450,3,4,168,4.8,Break,4,540,5,2,1150
Electronics & Gadgets,36600,1,4,48,4.3,StartSem,1,21020,6,6,30210
Books & Study,2800,42,2,168,4.1,EndSem,0,310,9,4,610
Personal Care,1300,1,3,96,3.3,MidSem,2,400,4,1,820
Electronics & Gadgets,40300,12,1,24,2.8,StartSem,3,7350,6,4,18760
Miscellaneous,6350,8,4,72,4.7,MidSem,4,2570,9,4,4590
Clothing & Accessories,2800,20,3,72,4.6,StartSem,6,580,6,5,1920
Kitchen & Food Items,2200,1,4,24,4.3,MidSem,4,1020,3,3,2130
Kitchen & Food Items,4000,4,5,48,4.4,MidSem,5,2020,7,1,3880
Electronics & Gadgets,78500,2,4,24,3.7,MidSem,1,43920,6,1,76140
Transport & Mobility,7300,3,5,96,4.5,MidSem,6,4580,4,2,7080
Miscellaneous,10000,45,1,96,3.9,MidSem,5,1500,8,3,2770
Hostel Essentials,2550,53,1,48,3.3,EndSem,2,460,4,1,590
Sports & Fitness,6100,5,3,24,3.6,StartSem,0,2530,5,1,4520
Clothing & Accessories,8000,23,4,72,4.0,MidSem,5,1850,6,2,2620
Electronics & Gadgets,27700,6,4,24,4.2,StartSem,5,13870,7,2,23910
Miscellaneous,5050,47,3,24,4.3,MidSem,1,1090,6,1,1980
Books & Study,3000,10,3,72,4.1,MidSem,1,660,4,2,1480
Hostel Essentials,4050,10,3,48,3.7,MidSem,1,1380,6,2,2600
Electronics & Gadgets,56450,20,2,72,4.4,MidSem,2,13740,5,2,23070
Transport & Mobility,8200,16,2,120,4.7,MidSem,2,2360,7,4,4470
Clothing & Accessories,5800,9,4,72,4.6,MidSem,2,1870,5,4,4440
Hostel Essentials,5900,10,4,48,4.3,EndSem,4,2380,4,2,4710
Clothing & Accessories,3950,10,4,96,4.2,MidSem,1,1220,2,1,2700
Kitchen & Food Items,4450,3,4,24,4.7,EndSem,3,1980,4,2,4320
Personal Care,2300,1,5,24,3.8,Break,0,980,4,2,1970
Sports & Fitness,8000,16,2,48,4.7,EndSem,2,2190,10,7,5180
Miscellaneous,5350,6,3,96,2.9,MidSem,6,1900,4,4,3600
Miscellaneous,4100,17,1,24,4.5,Break,5,640,5,4,1450
Books & Study,1950,10,4,48,4.7,Break,5,510,6,2,1050
Hostel Essentials,1500,2,5,96,3.9,MidSem,6,830,4,2,1460
Kitchen & Food Items,1950,10,4,48,3.9,MidSem,4,730,4,1,1590
Books & Study,1350,2,3,72,3.6,MidSem,4,440,8,3,920
Books & Study,2300,3,5,24,4.3,MidSem,6,990,6,3,1650
Books & Study,1150,1,4,48,3.8,EndSem,5,460,3,2,1090
Hostel Essentials,8000,9,5,120,4.3,StartSem,4,3820,7,3,7760
Personal Care,1050,13,3,72,4.8,MidSem,3,190,3,2,480
Transport & Mobility,7000,15,4,12,3.4,StartSem,5,3110,4,2,5950
Transport & Mobility,7100,8,3,72,4.3,Break,4,2950,4,3,5650
Electronics & Gadgets,43250,5,4,72,4.5,EndSem,0,22290,8,8,41950
Electronics & Gadgets,18700,22,2,168,4.8,StartSem,0,4440,3,1,9420
Sports & Fitness,6800,1,4,24,2.9,MidSem,2,3560,4,3,6600
Books & Study,1450,4,5,24,4.5,EndSem,5,600,7,3,1410
Books & Study,650,4,4,72,4.0,EndSem,5,230,2,1,630
Clothing & Accessories,3550,28,3,72,2.9,StartSem,2,630,5,3,1700
Electronics & Gadgets,21000,7,3,48,4.6,MidSem,1,8590,3,2,17820
Kitchen & Food Items,2700,10,4,72,4.1,MidSem,5,1020,8,4,2140
Clothing & Accessories,4150,26,3,24,3.5,EndSem,3,770,5,1,1470
Clothing & Accessories,2750,13,4,72,4.8,MidSem,5,770,10,4,2350
Electronics & Gadgets,24800,27,4,48,4.0,StartSem,1,8470,6,4,14490
Hostel Essentials,4050,2,4,24,3.6,MidSem,2,1930,5,3,3680
Electronics & Gadgets,14250,12,3,120,4.4,EndSem,3,4950,10,3,11010
Kitchen & Food Items,1150,6,3,72,3.8,MidSem,6,400,2,1,840
Sports & Fitness,6450,15,5,48,4.2,MidSem,4,3160,4,2,6100
Transport & Mobility,21550,33,3,48,4.8,MidSem,1,6880,5,4,8790
Clothing & Accessories,8000,11,3,24,4.1,Break,4,2000,8,1,3420
Electronics & Gadgets,39800,16,3,48,4.6,StartSem,3,13140,11,7,27560
Books & Study,3000,51,2,72,3.9,MidSem,0,300,3,2,730
Books & Study,2450,55,2,24,4.2,Break,6,230,5,3,350
Kitchen & Food Items,4650,23,4,72,4.7,EndSem,6,1440,5,3,3480
Clothing & Accessories,4600,27,4,120,4.7,MidSem,6,990,1,1,3340
Kitchen & Food Items,2150,3,4,24,4.6,Break,2,960,5,3,1450
Sports & Fitness,5450,57,1,72,4.7,MidSem,0,1090,8,6,1620
Kitchen & Food Items,3450,49,1,72,3.7,EndSem,5,480,8,4,730
Kitchen & Food Items,2900,1,5,72,3.6,StartSem,0,1560,3,1,2810
Hostel Essentials,5300,30,3,24,4.6,MidSem,4,1400,5,3,3320
Miscellaneous,3750,4,5,48,3.3,EndSem,0,1910,8,1,3050
Personal Care,1450,4,5,48,3.4,StartSem,2,550,2,1,1410
Clothing & Accessories,2950,4,5,96,3.9,EndSem,3,1320,5,2,2860
Electronics & Gadgets,44600,17,2,96,4.2,MidSem,0,11270,4,3,24440
Transport & Mobility,12450,16,5,24,4.3,EndSem,5,6350,7,3,12080
Sports & Fitness,5850,26,1,24,3.7,Break,6,1170,4,1,1610
Miscellaneous,3500,48,3,72,3.4,MidSem,5,740,8,3,1570
Clothing & Accessories,7750,1,3,48,4.1,EndSem,1,2770,5,3,5530
Transport & Mobility,7600,18,4,48,3.5,MidSem,6,3290,11,5,7110
Transport & Mobility,13900,8,4,48,4.7,MidSem,0,6870,3,2,11480
Hostel Essentials,7050,10,5,24,4.6,EndSem,0,3290,7,3,6840
Transport & Mobility,8900,32,5,48,3.7,MidSem,1,3940,5,1,7550
Sports & Fitness,15000,10,3,48,4.1,Break,3,5710,10,6,9560
Miscellaneous,4700,10,3,72,3.4,EndSem,5,1540,6,5,3860
Hostel Essentials,3850,18,5,24,4.4,MidSem,4,1600,6,5,3560
Transport & Mobility,29150,10,3,120,3.4,MidSem,4,11660,4,2,23200
Electronics & Gadgets,50350,13,5,24,4.9,MidSem,1,23740,4,3,43410
Miscellaneous,7500,8,4,24,4.3,MidSem,5,3040,6,5,3940
Sports & Fitness,8050,20,4,72,4.1,EndSem,6,3250,7,3,6770
Electronics & Gadgets,80000,9,3,48,4.6,EndSem,0,30750,5,2,59090
Hostel Essentials,3550,13,3,72,2.9,Break,4,1140,6,3,1800
Electronics & Gadgets,32700,4,5,48,4.7,MidSem,2,20070,5,4,31720
Books & Study,1500,5,5,24,4.9,EndSem,0,590,7,1,1460
Sports & Fitness,10850,20,3,168,4.0,MidSem,3,3690,6,2,7580
Hostel Essentials,3600,0,5,24,4.6,EndSem,4,2060,6,3,3300
Electronics & Gadgets,28750,32,3,72,4.5,MidSem,0,7760,7,5,13690
Books & Study,1350,34,4,24,4.8,MidSem,0,250,10,4,570
Transport & Mobility,15200,35,2,120,4.5,EndSem,4,3800,5,2,10330
Hostel Essentials,3750,16,5,48,4.4,MidSem,6,1600,5,2,3380
Sports & Fitness,9950,1,4,48,4.6,MidSem,0,5210,10,2,9430
Miscellaneous,5400,13,5,72,3.4,MidSem,3,2290,4,3,4050
Kitchen & Food Items,5500,5,3,24,4.2,MidSem,4,1970,3,2,3670
Clothing & Accessories,2250,10,4,24,3.7,Break,1,700,10,4,1410
Kitchen & Food Items,2450,5,5,24,3.3,EndSem,5,1210,6,3,2380
Hostel Essentials,4250,25,3,72,4.0,Break,5,1190,3,2,2500
Electronics & Gadgets,40550,9,5,72,3.8,MidSem,6,21430,11,6,39330
Clothing & Accessories,5300,18,1,72,3.8,Break,4,600,9,3,980
Clothing & Accessories,1950,0,4,24,4.5,Break,6,850,5,2,1890
Clothing & Accessories,3250,6,4,96,4.3,MidSem,5,1170,7,4,2750
Miscellaneous,10000,20,1,48,3.9,MidSem,1,1500,4,1,4100
Transport & Mobility,17850,4,3,96,4.7,MidSem,2,8000,13,5,17000
Hostel Essentials,5500,54,1,72,3.8,EndSem,4,990,4,1,1340
Hostel Essentials,4450,4,3,48,4.2,MidSem,3,1720,9,3,3980
Transport & Mobility,14900,0,5,24,4.4,Break,5,9830,7,2,14450
Clothing & Accessories,3900,10,5,24,4.0,MidSem,6,1400,6,1,3330
Books & Study,750,29,3,72,3.5,StartSem,4,120,6,1,310
Clothing & Accessories,5150,24,2,120,4.6,Break,1,760,6,2,2010
Hostel Essentials,4250,1,5,24,4.2,MidSem,2,2390,6,2,4120
Transport & Mobility,10150,20,5,24,4.6,MidSem,0,5000,6,4,9500
Miscellaneous,6250,6,4,24,4.0,EndSem,6,2640,4,2,5610
Clothing & Accessories,4300,17,3,24,4.3,MidSem,5,940,6,2,2470
Electronics & Gadgets,28650,10,4,48,3.8,Break,3,12660,5,4,19990
Electronics & Gadgets,57300,5,2,48,3.5,MidSem,1,19270,6,6,36080
Sports & Fitness,6700,18,5,48,3.8,MidSem,5,3190,3,2,5980
Kitchen & Food Items,2400,6,2,72,3.3,EndSem,3,650,6,5,1130
Kitchen & Food Items,6000,27,5,48,3.9,MidSem,6,2050,5,2,4150
Electronics & Gadgets,40900,1,3,48,3.9,MidSem,0,19780,1,1,33470
Electronics & Gadgets,37950,8,5,24,3.8,MidSem,4,20710,8,4,36810
Miscellaneous,10000,4,3,72,4.7,MidSem,4,3710,3,2,8210
Sports & Fitness,10650,2,5,48,4.9,Break,3,6360,6,3,10330
Electronics & Gadgets,33500,36,4,48,4.5,StartSem,3,10220,7,3,15580
Transport & Mobility,25550,9,5,24,4.4,StartSem,0,14330,9,3,24780
Sports & Fitness,11000,12,1,72,4.0,MidSem,4,2200,3,2,5210
Electronics & Gadgets,45250,16,4,48,4.4,MidSem,0,17740,10,5,36830
Electronics & Gadgets,64300,18,4,48,4.4,MidSem,1,24590,2,1,43250
Sports & Fitness,5000,22,1,168,4.4,MidSem,5,1000,8,4,2010
Miscellaneous,9400,14,3,72,3.6,MidSem,0,2870,7,5,5970
Transport & Mobility,13600,31,5,24,4.6,EndSem,3,6080,5,1,12030
Sports & Fitness,6350,9,4,48,4.5,MidSem,0,2920,12,6,6160
Books & Study,2750,12,5,24,3.8,StartSem,2,730,4,1,1710
Electronics & Gadgets,77900,16,5,96,4.9,MidSem,3,35370,13,9,74670
Electronics & Gadgets,54950,1,4,96,4.0,EndSem,6,31560,5,2,53300
Electronics & Gadgets,19550,9,5,48,4.1,MidSem,5,10330,11,6,18960
Books & Study,1650,11,4,72,3.5,MidSem,5,410,2,1,860
Personal Care,2050,38,1,120,4.8,MidSem,1,120,7,4,320
Transport & Mobility,19750,41,3,72,4.1,Break,3,5880,2,2,9540
Transport & Mobility,8350,1,5,72,3.7,Break,4,5420,8,2,8100
Clothing & Accessories,2300,99,4,24,4.7,Break,1,180,6,3,220
Books & Study,750,35,1,72,3.7,EndSem,4,60,3,1,170
Clothing & Accessories,8000,23,1,24,4.5,EndSem,4,820,6,2,1990
Books & Study,1500,33,3,120,4.4,StartSem,6,230,9,4,630
Clothing & Accessories,2400,4,5,24,4.2,EndSem,3,1070,7,3,2330
Electronics & Gadgets,80000,44,2,48,4.7,StartSem,4,14400,3,1,28610
Books & Study,2050,11,5,72,4.7,MidSem,6,580,8,4,1310
Kitchen & Food Items,5150,36,3,72,4.0,Break,4,1140,7,3,2730
Electronics & Gadgets,70550,14,5,48,4.6,Break,0,32840,10,3,57970
Miscellaneous,5300,4,5,48,3.9,EndSem,6,2700,10,6,5140
Sports & Fitness,6500,53,4,24,4.1,StartSem,6,1900,13,4,4290
Electronics & Gadgets,47100,8,5,48,3.6,Break,2,25700,2,1,37840
Personal Care,1850,28,5,96,2.5,MidSem,0,340,3,1,890
Personal Care,1750,11,4,24,4.0,Break,5,410,4,1,980
Kitchen & Food Items,2550,67,4,72,3.8,Break,1,460,8,4,710
Transport & Mobility,19750,6,5,48,4.2,Break,6,11730,1,1,19160
Transport & Mobility,8500,1,4,24,3.9,Break,4,4760,6,2,7960
Electronics & Gadgets,55550,20,5,24,4.2,StartSem,1,23980,3,2,46830
Books & Study,2200,39,4,24,3.8,MidSem,2,380,2,1,720
Electronics & Gadgets,11450,3,5,72,3.5,MidSem,4,7220,8,6,10540
Electronics & Gadgets,48700,27,4,48,4.2,MidSem,2,16630,8,5,25900
Electronics & Gadgets,19450,2,2,48,4.1,MidSem,3,7100,6,1,15320
Personal Care,4850,4,2,48,4.1,Break,2,1030,4,3,1830
Hostel Essentials,5500,15,3,24,4.7,MidSem,6,1720,6,3,3440
Electronics & Gadgets,36200,24,5,72,4.8,EndSem,0,14860,5,3,34330
Personal Care,1150,21,1,24,4.4,MidSem,1,90,4,2,230
Clothing & Accessories,6650,0,5,24,3.4,MidSem,5,3360,6,1,5360
Clothing & Accessories,1900,14,1,24,4.6,MidSem,1,230,6,4,460
Electronics & Gadgets,12800,38,5,96,3.5,Break,0,4410,2,1,10740
Electronics & Gadgets,30000,23,4,72,2.9,MidSem,1,10770,5,2,19930
Miscellaneous,9750,19,1,96,4.6,MidSem,4,1480,5,3,4080
Electronics & Gadgets,26850,42,2,120,4.8,StartSem,0,4960,7,3,10710
Miscellaneous,5250,12,2,72,4.7,MidSem,2,1270,5,1,3050
Books & Study,1800,27,3,48,4.4,MidSem,6,300,7,5,620
Electronics & Gadgets,46900,2,5,120,3.1,MidSem,4,30390,6,4,45490
Electronics & Gadgets,19250,9,5,48,4.7,StartSem,2,10170,3,1,18670
Kitchen & Food Items,2750,8,2,72,3.9,EndSem,6,710,11,2,1670
Hostel Essentials,2650,7,2,72,3.4,MidSem,1,740,6,2,1230
Transport & Mobility,12400,22,5,48,4.7,MidSem,0,6000,4,2,11320
Electronics & Gadgets,54150,1,4,48,3.7,EndSem,2,31100,3,2,52530
Books & Study,650,13,4,96,3.4,StartSem,3,150,6,1,420
Electronics & Gadgets,49950,27,5,24,3.2,Break,5,19750,7,4,32860
Books & Study,1050,26,3,48,2.8,EndSem,3,180,5,2,570
Clothing & Accessories,1650,3,3,72,4.6,MidSem,0,550,7,5,1100
Transport & Mobility,13700,35,3,24,4.2,MidSem,5,4300,6,4,7830
Electronics & Gadgets,49200,41,1,96,4.0,MidSem,0,6230,6,3,13440
Electronics & Gadgets,30000,17,1,72,4.8,Break,2,5140,7,4,8280
Transport & Mobility,29350,3,5,48,3.1,StartSem,2,18400,3,2,28470
Personal Care,2750,10,5,48,4.6,EndSem,0,790,6,3,2520
Hostel Essentials,4400,12,4,72,4.9,Break,5,1700,6,1,2750
Kitchen & Food Items,6000,1,5,48,4.4,MidSem,2,3230,3,1,5820
Personal Care,3450,6,5,72,3.8,MidSem,4,1200,7,5,2560
Miscellaneous,7600,1,5,48,4.2,EndSem,6,4100,8,4,7370
Electronics & Gadgets,36750,12,1,48,4.4,MidSem,3,6700,3,2,13110
Transport & Mobility,12550,12,5,48,2.6,StartSem,3,6630,6,5,11720
Transport & Mobility,10100,9,1,24,3.3,MidSem,1,2520,6,1,3030
Electronics & Gadgets,48900,4,1,48,4.0,MidSem,0,11460,7,1,15940
Kitchen & Food Items,3450,27,5,48,4.5,StartSem,0,1180,4,3,2230
Clothing & Accessories,3750,1,3,168,3.7,EndSem,2,1340,6,3,3140
Electronics & Gadgets,46600,12,4,24,4.4,MidSem,1,19210,5,3,36010
Transport & Mobility,8300,41,5,96,3.7,MidSem,2,3400,10,4,5350
Electronics & Gadgets,68300,22,1,72,4.3,Break,3,10980,8,2,19370
Clothing & Accessories,3800,44,4,48,4.3,EndSem,4,600,3,1,1800
Electronics & Gadgets,35600,18,2,96,4.4,Break,5,8880,8,3,15270
Personal Care,1650,6,2,96,4.0,MidSem,1,320,9,3,580
Hostel Essentials,4150,28,2,24,4.7,EndSem,4,870,8,3,2050
Hostel Essentials,4850,5,4,24,4.6,Break,3,2180,4,1,3500
Clothing & Accessories,4800,11,4,24,4.2,MidSem,1,1420,4,2,2150
Electronics & Gadgets,24200,27,5,24,3.9,Break,5,9570,3,1,18780
Kitchen & Food Items,2650,18,1,72,3.3,Break,0,390,8,5,580
Hostel Essentials,5300,12,2,48,4.9,MidSem,4,1330,7,4,2660
Electronics & Gadgets,71600,44,2,24,4.2,MidSem,4,12890,5,1,26140
Hostel Essentials,3950,15,1,48,4.8,MidSem,3,710,3,1,1410
Clothing & Accessories,5550,5,5,48,4.8,MidSem,6,2400,5,1,4930
Electronics & Gadgets,80000,18,4,72,4.1,MidSem,4,30590,5,2,50560
Sports & Fitness,3450,2,4,48,4.7,StartSem,4,1780,5,3,3350
Transport & Mobility,10850,11,5,48,4.6,MidSem,3,5850,4,2,9270
Sports & Fitness,4350,0,4,72,4.1,MidSem,6,2310,10,5,4220
Electronics & Gadgets,28550,1,3,72,4.3,StartSem,6,13810,9,6,25290
Clothing & Accessories,2400,75,3,72,3.0,MidSem,2,190,5,2,370
Hostel Essentials,2300,3,5,72,4.5,MidSem,3,1240,3,1,2230
Hostel Essentials,1700,22,3,24,4.5,EndSem,4,490,9,2,1000
Electronics & Gadgets,29900,2,5,48,4.3,Break,0,19370,5,3,29000
Transport & Mobility,21550,6,5,48,4.2,MidSem,1,12800,4,2,20900
Kitchen & Food Items,1350,6,5,48,3.6,StartSem,0,650,5,4,1310
Kitchen & Food Items,3500,13,2,72,4.2,EndSem,4,800,3,3,1840
Kitchen & Food Items,3500,20,5,48,4.5,Break,0,1310,1,1,2470
Miscellaneous,5400,25,5,48,3.6,StartSem,0,2020,10,6,3890
Personal Care,1950,11,5,48,4.2,MidSem,5,530,6,4,1090
Transport & Mobility,12650,0,5,72,4.4,StartSem,1,8350,9,2,12270
Books & Study,2600,4,4,96,4.7,Break,0,920,5,1,1880
Electronics & Gadgets,35050,7,4,48,4.2,MidSem,6,17030,11,7,29050
Kitchen & Food Items,3650,35,4,48,4.6,MidSem,6,970,6,2,1630
Electronics & Gadgets,69950,4,5,72,3.3,MidSem,6,42940,5,3,67850
Clothing & Accessories,6550,3,4,24,3.7,Break,0,2610,7,3,5510
Kitchen & Food Items,2050,0,2,120,4.6,MidSem,3,640,7,6,1400
Electronics & Gadgets,35900,56,2,24,4.3,MidSem,3,5560,6,4,10190
Hostel Essentials,4950,12,3,24,4.2,EndSem,5,1610,4,2,3710
Miscellaneous,2800,42,2,24,4.0,Break,1,490,5,2,890
Books & Study,1300,5,4,168,3.9,EndSem,6,440,5,2,1110
Kitchen & Food Items,3150,55,2,48,4.7,EndSem,6,440,8,3,1100
Clothing & Accessories,3300,41,4,48,4.0,MidSem,3,550,7,4,1230
Electronics & Gadgets,55800,90,1,72,3.6,MidSem,5,6700,2,2,10060
Clothing & Accessories,8000,4,5,96,4.0,Break,2,3580,2,1,5820
Clothing & Accessories,2800,14,1,120,4.5,StartSem,6,340,5,4,1040
Hostel Essentials,3100,17,4,96,4.0,MidSem,4,1130,2,2,2200
Electronics & Gadgets,20750,21,2,24,4.7,MidSem,5,4990,7,3,9590
Transport & Mobility,21550,50,3,168,3.0,StartSem,0,5930,8,5,12080
Electronics & Gadgets,21500,31,3,72,4.7,MidSem,4,5880,6,3,10320
Miscellaneous,4750,3,1,24,3.9,Break,4,940,6,3,1630
Personal Care,5000,17,3,96,4.3,Break,1,840,4,1,2150
Kitchen & Food Items,5900,2,5,72,4.5,MidSem,0,3110,7,2,5720
Sports & Fitness,12250,7,4,48,3.6,MidSem,5,5830,9,5,10930
Sports & Fitness,13950,0,3,48,4.2,MidSem,5,6250,8,3,13530
Sports & Fitness,15000,16,3,48,4.4,Break,0,5300,5,1,9280
Personal Care,950,2,5,120,4.3,Break,3,390,5,1,920
Personal Care,3300,6,5,72,4.6,MidSem,1,1150,7,4,3180
Sports & Fitness,6300,31,1,72,3.5,EndSem,1,1260,5,5,2610
Hostel Essentials,3500,9,4,24,4.7,MidSem,2,1440,7,3,2480
Sports & Fitness,14650,51,4,168,4.1,MidSem,5,4380,3,1,11880
Personal Care,3800,26,5,24,4.7,Break,0,730,6,2,2000
Electronics & Gadgets,29500,4,4,24,4.7,EndSem,4,15640,7,2,28620
Sports & Fitness,11100,0,5,72,4.6,MidSem,5,6840,6,3,10770
Clothing & Accessories,3250,27,4,120,3.7,EndSem,2,700,4,3,1860
Sports & Fitness,9400,64,4,48,3.8,MidSem,1,2470,15,7,4240
Electronics & Gadgets,41400,2,5,24,4.7,StartSem,2,26820,4,1,40160
Clothing & Accessories,2950,54,2,12,3.7,StartSem,5,250,7,3,510
Miscellaneous,4450,8,4,72,4.9,EndSem,4,1800,6,2,3950
Miscellaneous,4250,19,5,48,3.9,StartSem,1,1690,6,3,3490
Miscellaneous,3900,17,5,120,4.0,EndSem,5,1590,2,1,3780
Transport & Mobility,10200,4,3,72,3.6,MidSem,6,4570,6,4,9060
Electronics & Gadgets,80000,11,5,48,4.2,MidSem,6,39560,5,2,73700
Personal Care,2200,7,3,24,4.3,StartSem,2,530,7,1,990
Kitchen & Food Items,1950,9,3,24,3.2,MidSem,0,630,9,5,1100
Books & Study,1250,24,2,24,4.4,StartSem,0,170,5,4,450
Sports & Fitness,7150,17,3,72,4.1,MidSem,4,2500,13,9,4190
Miscellaneous,9150,26,1,96,4.6,Break,3,1370,3,2,2740
Electronics & Gadgets,42050,17,5,48,4.4,MidSem,4,18850,4,3,40790
Clothing & Accessories,4700,3,4,72,4.7,StartSem,3,1870,7,7,3990
Hostel Essentials,5150,2,4,24,2.9,MidSem,6,2450,3,1,4780
Kitchen & Food Items,1900,11,4,48,4.3,Break,0,700,3,2,1780
Sports & Fitness,7800,21,3,96,4.0,StartSem,1,2630,5,2,5840
Hostel Essentials,2100,30,2,48,3.4,MidSem,1,430,8,6,900
Miscellaneous,3900,13,4,24,4.4,Break,6,1430,5,2,2060
Transport & Mobility,22900,0,3,48,2.5,EndSem,6,10990,7,4,22210
Books & Study,2500,65,5,72,4.5,MidSem,4,380,7,2,880
Personal Care,850,6,4,72,3.3,StartSem,0,260,5,4,520
Books & Study,3000,39,3,48,3.7,EndSem,6,440,5,4,1010
Books & Study,1300,12,1,24,4.1,StartSem,4,130,2,1,300
Electronics & Gadgets,20150,1,3,48,4.5,StartSem,3,9740,4,1,19360
Electronics & Gadgets,28800,2,5,48,4.0,Break,2,18660,3,3,27940
Transport & Mobility,30000,43,4,24,4.1,MidSem,1,10420,5,3,20350
Electronics & Gadgets,28350,17,1,120,4.5,MidSem,5,4850,6,4,11930
Clothing & Accessories,5900,1,5,48,3.2,MidSem,1,2900,5,4,5610
Transport & Mobility,7500,16,4,96,4.6,MidSem,6,3300,5,4,5950
Kitchen & Food Items,2250,1,5,72,4.1,MidSem,0,1210,8,3,2180
Electronics & Gadgets,30950,0,4,96,4.5,Break,4,18230,7,2,29900
Books & Study,800,5,4,72,4.4,EndSem,5,270,5,2,760
Electronics & Gadgets,29850,2,4,24,3.7,Break,2,16700,3,1,28950
Kitchen & Food Items,5250,27,1,24,4.5,MidSem,2,740,4,1,1250
Electronics & Gadgets,30200,34,5,72,3.5,MidSem,4,10930,4,2,19260
Transport & Mobility,9150,16,1,12,4.5,StartSem,3,2290,4,1,3290
Books & Study,1350,17,2,72,4.4,Break,6,190,4,3,410
Sports & Fitness,15000,1,2,24,4.1,Break,1,5130,8,3,8300
Miscellaneous,9300,9,4,48,4.3,StartSem,0,3690,6,3,9020
Electronics & Gadgets,35900,3,5,168,3.9,MidSem,3,22650,3,1,34820
Electronics & Gadgets,80000,2,5,24,4.4,MidSem,1,51830,2,1,77600
Electronics & Gadgets,73150,3,5,72,4.5,EndSem,4,46150,5,4,70960
Books & Study,3000,3,4,72,3.8,Break,2,1110,8,5,2270
Personal Care,1850,33,4,12,4.2,MidSem,2,260,7,4,450
Clothing & Accessories,5500,57,1,24,2.6,MidSem,1,440,5,4,730
Transport & Mobility,11150,70,4,48,4.5,EndSem,4,3060,6,4,6240
Kitchen & Food Items,5400,8,4,72,4.3,MidSem,1,2140,7,5,4430
Sports & Fitness,8000,2,5,24,4.9,EndSem,3,4780,5,1,7760
Electronics & Gadgets,36900,80,3,72,4.6,MidSem,2,5450,14,5,10830
Hostel Essentials,5050,31,5,48,3.9,MidSem,1,1810,8,4,4220
Sports & Fitness,10150,35,5,48,4.3,MidSem,1,4100,9,6,7960
Kitchen & Food Items,4200,1,5,48,4.9,MidSem,5,2260,4,3,4070
Books & Study,2300,4,4,72,3.9,EndSem,3,820,8,7,2230
Clothing & Accessories,4350,0,5,48,3.9,MidSem,5,2200,2,1,3360
Hostel Essentials,6300,14,5,48,3.7,EndSem,4,2750,9,5,6110
Miscellaneous,6400,9,1,48,2.6,MidSem,5,1120,3,1,2110
Sports & Fitness,11200,69,1,48,3.8,MidSem,2,2240,5,3,2630
Kitchen & Food Items,1450,40,5,48,2.9,EndSem,2,420,4,2,990
Transport & Mobility,21500,2,4,120,4.4,MidSem,2,11850,8,3,20860
Electronics & Gadgets,80000,16,4,24,4.5,Break,4,31370,1,1,53200
Sports & Fitness,6250,10,5,96,3.1,Break,4,3270,6,4,5120
Personal Care,2200,49,3,48,4.4,MidSem,3,190,4,3,310
Hostel Essentials,4350,7,5,48,4.2,MidSem,1,2170,7,3,4220
Books & Study,1800,19,1,168,4.4,MidSem,4,170,3,2,400
Transport & Mobility,23850,6,4,72,4.4,MidSem,1,12240,9,6,23130
Electronics & Gadgets,42100,13,4,48,4.7,Break,5,17140,6,3,36940
Transport & Mobility,30000,18,5,96,4.0,MidSem,2,15030,8,1,29100
Sports & Fitness,4800,26,5,48,2.9,StartSem,3,2120,8,4,4490
Kitchen & Food Items,4300,22,1,48,4.6,MidSem,3,600,4,3,1200
Electronics & Gadgets,28850,14,3,48,4.8,MidSem,4,9770,6,1,17730
Clothing & Accessories,3450,9,3,24,4.6,MidSem,0,940,8,3,1580
Electronics & Gadgets,80000,17,3,168,3.8,MidSem,5,26080,4,2,53110
Electronics & Gadgets,40650,0,4,48,3.8,MidSem,6,23940,3,2,39430
Electronics & Gadgets,56200,8,5,24,3.6,EndSem,5,30660,7,2,54510
Clothing & Accessories,6100,16,4,120,4.8,MidSem,3,1610,8,3,2540
Transport & Mobility,23150,3,5,24,4.8,MidSem,3,14520,5,1,22460
Electronics & Gadgets,42650,37,2,48,3.4,MidSem,1,8380,5,3,14240
Kitchen & Food Items,1700,12,1,24,4.6,EndSem,2,270,6,3,550
Books & Study,1350,18,2,48,4.7,MidSem,6,190,4,2,390
Personal Care,3300,1,4,24,3.7,Break,2,1210,3,3,2050
Personal Care,3500,2,5,120,4.1,MidSem,4,1430,3,1,3400
Clothing & Accessories,2850,9,1,48,4.3,MidSem,4,410,3,2,690
Kitchen & Food Items,3550,1,4,24,3.9,MidSem,1,1650,1,1,3280
Electronics & Gadgets,45350,4,5,72,3.4,Break,1,27840,5,3,36310
Books & Study,2700,26,1,24,4.2,Break,2,240,2,2,440
Books & Study,1900,13,3,48,4.4,MidSem,5,360,9,7,910
Transport & Mobility,14000,1,2,48,4.7,StartSem,6,5120,4,2,11150
Electronics & Gadgets,50750,23,4,120,4.8,StartSem,2,18220,11,8,26070
Miscellaneous,5450,6,4,72,3.7,EndSem,2,2300,4,1,5240
Transport & Mobility,12100,14,3,24,4.8,StartSem,4,4570,7,4,7850
Electronics & Gadgets,26750,2,1,48,3.9,MidSem,2,6620,3,2,11680
Clothing & Accessories,1500,2,4,72,4.6,StartSem,3,620,6,5,1460
Electronics & Gadgets,54150,7,2,96,4.7,MidSem,0,17170,6,6,30250
Electronics & Gadgets,70100,7,5,72,4.0,EndSem,2,39440,2,2,68000
Transport & Mobility,11400,6,5,72,4.5,MidSem,0,6770,10,3,11060
Transport & Mobility,17150,25,4,48,4.1,StartSem,6,6980,3,1,15490
Kitchen & Food Items,2500,10,3,96,4.5,MidSem,1,790,8,7,1500
Books & Study,2350,19,5,24,3.5,Break,4,580,8,3,1070
Miscellaneous,6600,4,1,72,3.8,Break,3,1280,11,4,2380
Clothing & Accessories,4250,48,4,72,3.6,MidSem,6,620,4,2,1660
Books & Study,2550,1,4,48,3.1,EndSem,3,1030,7,2,2120
Books & Study,750,35,5,48,2.9,MidSem,3,160,2,1,360
Personal Care,3750,5,5,48,2.9,MidSem,3,1360,7,2,2280
Hostel Essentials,5550,16,5,48,3.6,EndSem,6,2360,11,6,5380
Electronics & Gadgets,43650,26,5,48,3.8,MidSem,6,17480,2,1,34220
Clothing & Accessories,2350,73,3,24,4.1,Break,0,190,5,4,350
Kitchen & Food Items,3000,53,2,168,4.5,MidSem,0,420,6,4,740
Clothing & Accessories,6800,2,3,168,4.0,MidSem,1,2360,5,3,6600
Kitchen & Food Items,3100,1,1,168,3.9,StartSem,6,640,3,1,970
Hostel Essentials,5150,17,5,24,3.8,EndSem,4,2170,5,3,5000
Electronics & Gadgets,38100,5,4,72,3.8,StartSem,6,19640,3,2,27410
Books & Study,1350,18,3,72,4.8,MidSem,3,250,7,3,620
Electronics & Gadgets,65000,1,3,72,4.9,MidSem,0,31430,7,2,61010
Transport & Mobility,16750,5,3,48,4.2,Break,4,7370,3,1,12770
Electronics & Gadgets,45550,5,4,48,2.7,MidSem,4,23480,6,4,44180
Hostel Essentials,2850,5,4,168,4.5,Break,0,1280,2,1,2600
Electronics & Gadgets,34900,27,4,72,4.8,Break,2,11920,4,2,23670
Personal Care,2500,4,4,24,3.5,MidSem,5,820,3,3,1690
Hostel Essentials,4200,13,5,48,4.0,Break,5,1850,4,1,2930
Miscellaneous,3850,10,4,72,3.0,MidSem,0,1490,3,2,3390
Electronics & Gadgets,45150,7,4,48,4.1,MidSem,0,21940,8,6,38670
Transport & Mobility,18750,16,1,24,4.0,EndSem,4,4690,5,2,7290
Personal Care,1650,44,5,72,4.5,EndSem,3,220,7,2,590
Books & Study,2050,0,5,24,4.9,MidSem,2,990,3,1,1880
Sports & Fitness,10950,3,3,48,4.5,EndSem,1,4680,6,3,10410
Clothing & Accessories,6550,13,3,96,4.1,Break,4,1540,11,3,4400
Sports & Fitness,15000,72,1,48,4.6,Break,4,3000,9,6,3030
Electronics & Gadgets,55050,7,2,24,3.6,EndSem,2,17460,4,2,35610
Sports & Fitness,4700,20,5,48,4.5,Break,4,2200,3,2,3870
Sports & Fitness,11550,73,1,48,4.3,MidSem,6,2310,6,2,2890
Miscellaneous,3700,12,2,72,4.3,Break,2,890,2,1,1460
Electronics & Gadgets,73150,6,4,120,3.9,Break,4,36620,7,2,62110
Books & Study,2100,1,1,72,4.5,MidSem,3,370,7,5,790
Hostel Essentials,2400,2,4,48,3.6,Break,6,1140,5,2,1820
Electronics & Gadgets,45300,3,5,12,4.7,MidSem,3,28580,5,3,43940
Clothing & Accessories,2900,37,2,24,3.6,Break,5,340,4,1,740
Electronics & Gadgets,39400,0,3,24,4.4,MidSem,2,19540,5,3,38220
Personal Care,1400,1,4,24,4.1,StartSem,6,510,8,6,1360
Miscellaneous,4250,25,2,72,3.6,MidSem,4,890,11,4,2110
Books & Study,650,8,4,48,4.2,StartSem,4,190,6,5,420
Electronics & Gadgets,22450,6,4,48,4.4,StartSem,2,11240,4,1,21780
Transport & Mobility,22700,66,2,48,4.5,EndSem,4,5680,7,4,9510
Kitchen & Food Items,4550,6,4,72,4.2,StartSem,2,1890,4,3,4410
Electronics & Gadgets,25550,13,5,24,4.2,EndSem,4,12050,5,1,24780
Electronics & Gadgets,28300,50,2,48,3.5,MidSem,5,4720,7,2,7510
Clothing & Accessories,5350,14,5,24,4.4,StartSem,6,1700,11,5,3240
Miscellaneous,2950,57,2,48,2.6,MidSem,3,440,7,1,970
Kitchen & Food Items,3550,5,5,24,3.9,MidSem,6,1750,4,1,3050
Electronics & Gadgets,56750,10,3,48,4.4,MidSem,5,21110,4,3,24780
Sports & Fitness,9850,16,4,96,3.6,EndSem,2,4130,3,1,7220
Clothing & Accessories,4600,9,4,120,3.3,MidSem,4,1480,4,1,4180
Transport & Mobility,15550,6,4,72,4.5,MidSem,5,7980,5,2,15080
Electronics & Gadgets,14800,40,4,168,3.0,MidSem,2,4290,5,2,8500
Transport & Mobility,17550,2,5,72,4.6,StartSem,3,11200,5,3,17020
Electronics & Gadgets,52200,0,5,48,4.4,Break,5,35600,7,5,50630
Personal Care,2100,3,4,96,4.8,StartSem,6,710,2,1,2040
Personal Care,2900,36,1,48,3.6,MidSem,5,170,7,3,400
Kitchen & Food Items,5950,8,3,24,3.5,MidSem,1,1980,4,4,3370
Sports & Fitness,12200,37,1,24,4.9,Break,6,2440,3,1,4050
Hostel Essentials,4300,23,4,48,2.8,MidSem,4,1460,7,6,3200
Electronics & Gadgets,35350,27,5,120,3.2,MidSem,5,13980,7,5,25610
Electronics & Gadgets,35100,6,5,96,4.3,StartSem,2,20350,6,4,34050
Hostel Essentials,7150,2,3,72,4.6,MidSem,3,2870,10,3,6940
Sports & Fitness,10650,21,3,24,4.5,MidSem,2,3580,8,4,6250
Electronics & Gadgets,43550,18,5,96,4.0,EndSem,0,19280,5,4,35930
Miscellaneous,3550,19,2,72,3.4,EndSem,5,800,4,1,1790
Kitchen & Food Items,3350,27,1,120,4.5,StartSem,5,470,6,4,990
Transport & Mobility,7600,7,5,24,4.8,MidSem,3,4430,3,3,7370
Books & Study,1000,0,4,48,4.6,MidSem,0,420,4,2,930
Electronics & Gadgets,27550,35,2,24,4.0,MidSem,4,5550,3,1,8130
Clothing & Accessories,6250,6,4,72,4.1,Break,6,2250,3,1,6010
Clothing & Accessories,3200,7,4,48,4.3,Break,3,1110,7,2,2080
Transport & Mobility,14750,1,4,48,3.8,StartSem,6,8270,7,5,14310
Electronics & Gadgets,44000,3,5,72,4.6,MidSem,4,27760,13,10,42680
Electronics & Gadgets,38950,26,1,96,3.7,EndSem,6,5950,4,2,15210
Hostel Essentials,5650,19,2,48,4.1,Break,2,1310,7,2,2640
Hostel Essentials,1850,2,2,48,4.7,EndSem,2,570,7,2,1300
Transport & Mobility,17600,5,4,24,4.5,MidSem,4,9200,4,3,16670
Books & Study,2650,14,4,24,4.7,MidSem,6,600,2,1,1290
Transport & Mobility,30000,71,3,72,4.6,Break,1,7500,10,4,12930
Books & Study,900,7,4,24,4.3,MidSem,0,280,7,3,540
Electronics & Gadgets,28800,0,5,48,5.0,StartSem,5,19640,3,2,27940
Sports & Fitness,10000,22,2,168,3.4,StartSem,6,2580,5,1,4900
Hostel Essentials,4700,16,1,48,4.9,MidSem,0,850,4,1,1550
Transport & Mobility,13300,15,2,48,4.3,MidSem,2,3860,8,3,7510
Personal Care,4000,9,5,120,4.5,StartSem,3,1210,4,2,3880
Transport & Mobility,16700,5,5,48,4.8,StartSem,2,10100,6,2,16200
Personal Care,1600,14,2,48,4.7,EndSem,0,220,2,1,700
Clothing & Accessories,4150,5,3,24,3.8,StartSem,0,1300,5,1,2290
Transport & Mobility,10600,0,2,48,4.4,MidSem,4,3940,7,6,8230
Electronics & Gadgets,62300,18,4,96,3.5,Break,1,23820,5,2,47500
Hostel Essentials,3500,7,4,48,4.5,MidSem,2,1510,3,2,3390
Electronics & Gadgets,53350,10,4,120,4.4,MidSem,4,23570,4,3,49380
Hostel Essentials,2750,20,5,72,4.3,EndSem,1,1120,2,1,2500
Personal Care,950,6,5,72,4.0,MidSem,3,330,10,5,730
Miscellaneous,4050,2,4,72,4.5,EndSem,5,1850,4,1,3930
Clothing & Accessories,4450,7,2,96,4.3,EndSem,1,1010,2,1,3140
Electronics & Gadgets,20150,2,4,24,4.8,MidSem,2,11270,9,5,18630
Clothing & Accessories,3900,18,3,120,3.9,EndSem,6,830,9,4,2180
Electronics & Gadgets,77200,6,5,72,2.5,MidSem,2,44750,4,1,74880
Electronics & Gadgets,39250,50,3,24,4.3,MidSem,6,8450,4,3,18810
Clothing & Accessories,3350,19,3,24,4.2,EndSem,4,700,9,4,1460
Electronics & Gadgets,18100,19,4,96,3.3,MidSem,6,6830,3,1,9760
Personal Care,4600,7,5,48,4.6,Break,4,1530,3,2,3700
Clothing & Accessories,7550,27,3,48,4.0,MidSem,0,1370,3,1,2460
Hostel Essentials,3450,3,4,96,3.7,MidSem,4,1610,7,3,3350
Transport & Mobility,15250,34,3,96,3.6,MidSem,3,4830,12,4,10620
Books & Study,2100,3,5,48,4.5,StartSem,0,900,6,3,1860
Books & Study,3000,17,5,96,4.2,StartSem,0,760,7,3,2230
Electronics & Gadgets,19300,3,2,96,3.2,MidSem,5,6860,14,8,12430
